"year","treatment","plant.height","grain.yield","grain.weight","genetic_group"
2012,"watered",245,10.12,268,"Iodent"
2012,"watered",250,10.478,213,"Iodent"
2012,"watered",245,11.513,243,"Other"
2012,"watered",245,9.637,194,"Other"
2012,"watered",240,9.008,230,"Stiff_Stalk"
2012,"watered",250,9.24,226,"Other"
2012,"watered",270,9.796,221,"Lancaster"
2012,"watered",230,9.143,250,"Lancaster"
2012,"watered",260,10.609,260,"Lancaster"
2012,"watered",275,11,254,"Stiff_Stalk"
2012,"watered",250,11.368,251,"Iodent"
2012,"watered",240,11.231,282,"Iodent"
2012,"watered",265,6.772,265,"Other"
2012,"watered",280,9.709,191,"Other"
2012,"watered",240,7.797,275,"Other"
2012,"watered",255,8.464,247,"Other"
2012,"watered",255,9.385,209,"Other"
2012,"watered",260,10.793,227,"Iodent"
2012,"watered",265,11.654,230,"Stiff_Stalk"
2012,"watered",245,9.721,247,"Stiff_Stalk"
2012,"watered",285,12.256,208,"Stiff_Stalk"
2012,"watered",255,7.31,187,"Other"
2012,"watered",265,10.868,207,"Lancaster"
2012,"watered",265,7.857,240,"Other"
2012,"watered",265,7.489,180,"Other"
2012,"watered",245,10.377,219,"Lancaster"
2012,"watered",245,9.388,268,"Iodent"
2012,"watered",270,11.042,233,"Stiff_Stalk"
2012,"watered",250,10.302,298,"Stiff_Stalk"
2012,"watered",255,10.911,242,"Stiff_Stalk"
2012,"watered",255,10.778,220,"Iodent"
2012,"watered",250,10.482,272,"Other"
2012,"watered",245,10.242,273,"Other"
2012,"watered",260,6.937,240,"Other"
2012,"watered",245,9.587,227,"Lancaster"
2012,"watered",250,10.842,270,"Iodent"
2012,"watered",250,10.275,247,"Other"
2012,"watered",265,11.947,270,"Lancaster"
2012,"watered",255,10.169,222,"Lancaster"
2012,"watered",260,9.698,280,"Stiff_Stalk"
2012,"watered",260,12.6,204,"Lancaster"
2012,"watered",255,8.085,233,"Other"
2012,"watered",240,10.34,246,"Iodent"
2012,"watered",240,12.63,249,"Lancaster"
2012,"watered",265,11.368,227,"Other"
2012,"watered",265,12.172,258,"Stiff_Stalk"
2012,"watered",265,9.8,264,"Stiff_Stalk"
2012,"watered",260,9.46,256,"Other"
2012,"watered",245,9.784,242,"Other"
2012,"watered",245,10.687,223,"Iodent"
2012,"watered",250,5.667,225,"Other"
2012,"watered",255,14.48,212,"Stiff_Stalk"
2012,"watered",260,8.716,252,"Stiff_Stalk"
2012,"watered",265,6.645,224,"Other"
2012,"watered",250,8.05,222,"Other"
2012,"watered",255,9.526,221,"Other"
2012,"watered",250,8.751,193,"Other"
2012,"watered",260,11.435,193,"Other"
2012,"watered",270,10.475,204,"Other"
2012,"watered",235,6.897,214,"Other"
2012,"watered",250,8.291,233,"Other"
2012,"watered",250,10.382,249,"Other"
2012,"watered",240,9.275,211,"Lancaster"
2012,"watered",255,11.92,249,"Lancaster"
2012,"watered",250,9.564,248,"Lancaster"
2012,"watered",235,7.645,192,"Other"
2012,"watered",250,10.387,244,"Lancaster"
2012,"watered",270,9.896,265,"Iodent"
2012,"watered",250,10.55,263,"Stiff_Stalk"
2012,"watered",265,11.645,224,"Lancaster"
2012,"watered",275,9.723,249,"Stiff_Stalk"
2012,"watered",250,10.864,235,"Iodent"
2012,"watered",265,10.446,238,"Other"
2012,"watered",260,12.235,229,"Lancaster"
2012,"watered",250,9.535,207,"Lancaster"
2012,"watered",255,10.294,220,"Stiff_Stalk"
2012,"watered",230,8.458,251,"Other"
2012,"watered",255,11.77,237,"Lancaster"
2012,"watered",250,8.849,209,"Other"
2012,"watered",253,13.022,246,"Stiff_Stalk"
2012,"watered",255,13.929,216,"Stiff_Stalk"
2012,"watered",260,11.081,244,"Lancaster"
2012,"watered",245,8.362,193,"Other"
2012,"watered",265,10.933,217,"Stiff_Stalk"
2012,"watered",250,11.769,217,"Other"
2012,"watered",225,10.297,237,"Other"
2012,"watered",240,9.481,216,"Lancaster"
2012,"watered",260,8.259,245,"Other"
2012,"watered",255,13.176,232,"Other"
2012,"watered",240,9.658,240,"Other"
2012,"watered",250,12.419,203,"Other"
2012,"watered",225,11.088,255,"Iodent"
2012,"watered",230,8.577,231,"Other"
2012,"watered",250,12.408,228,"Stiff_Stalk"
2012,"watered",260,11.432,254,"Iodent"
2012,"watered",260,10.951,238,"Iodent"
2012,"watered",245,9.134,236,"Other"
2012,"watered",240,10.774,231,"Stiff_Stalk"
2012,"watered",265,9.4,245,"Other"
2012,"watered",240,9.962,248,"Stiff_Stalk"
2012,"watered",255,8.097,223,"Other"
2012,"watered",260,9.896,235,"Other"
2012,"watered",260,11.019,261,"Iodent"
2012,"watered",255,10.979,220,"Other"
2012,"watered",240,10.266,270,"Other"
2012,"watered",240,9.713,223,"Other"
2012,"watered",260,10.462,247,"Other"
2012,"watered",250,10.721,221,"Stiff_Stalk"
2012,"watered",240,10.205,247,"Iodent"
2012,"watered",255,14.362,225,"Stiff_Stalk"
2012,"watered",250,12.546,253,"Lancaster"
2012,"watered",255,8.973,313,"Iodent"
2012,"watered",260,9.571,236,"Stiff_Stalk"
2012,"watered",255,12.154,220,"Stiff_Stalk"
2012,"watered",270,12.28,189,"Stiff_Stalk"
2012,"watered",265,7.187,204,"Other"
2012,"watered",250,10.681,162,"Other"
2012,"watered",250,9.55,246,"Other"
2012,"watered",245,11.529,226,"Lancaster"
2012,"watered",285,10.708,227,"Stiff_Stalk"
2012,"watered",260,8.341,228,"Other"
2012,"watered",280,11.754,235,"Lancaster"
2012,"watered",255,6.877,211,"Other"
2012,"watered",250,12.728,230,"Stiff_Stalk"
2012,"watered",245,11.61,248,"Iodent"
2012,"watered",235,11.478,219,"Other"
2012,"watered",225,10.475,237,"Other"
2012,"watered",230,11.031,254,"Other"
2012,"watered",240,9.781,228,"Stiff_Stalk"
2012,"watered",250,12.374,230,"Stiff_Stalk"
2012,"watered",250,10.07,201,"Other"
2012,"watered",265,13.228,242,"Stiff_Stalk"
2012,"watered",240,6.667,249,"Other"
2012,"watered",255,8.295,204,"Other"
2012,"watered",260,11.674,258,"Lancaster"
2012,"watered",240,7.742,214,"Other"
2012,"watered",255,11.039,240,"Iodent"
2012,"watered",255,8.751,206,"Other"
2012,"watered",260,11.434,248,"Stiff_Stalk"
2012,"watered",250,10.706,232,"Other"
2012,"watered",230,7.468,236,"Other"
2012,"watered",230,10.263,256,"Lancaster"
2012,"watered",235,7.655,238,"Other"
2012,"watered",245,12.124,241,"Other"
2012,"watered",240,12.9,250,"Stiff_Stalk"
2012,"watered",245,11.877,260,"Iodent"
2012,"watered",255,10.307,254,"Lancaster"
2012,"watered",245,9.925,296,"Stiff_Stalk"
2012,"watered",235,9.43,210,"Stiff_Stalk"
2012,"watered",250,9.663,206,"Lancaster"
2012,"watered",255,9.104,220,"Other"
2012,"watered",250,9.717,241,"Other"
2012,"watered",235,10.296,207,"Stiff_Stalk"
2012,"watered",245,11.029,262,"Other"
2012,"watered",245,11.151,256,"Stiff_Stalk"
2012,"watered",235,4.977,274,"Iodent"
2012,"watered",235,5.153,238,"Iodent"
2012,"watered",230,8.597,211,"Other"
2012,"watered",255,9.911,197,"Other"
2012,"watered",245,9.411,218,"Other"
2012,"watered",250,10.118,258,"Iodent"
2012,"watered",240,7.685,203,"Other"
2012,"watered",235,6.541,218,"Other"
2012,"watered",240,9.053,201,"Other"
2012,"watered",235,7.983,246,"Lancaster"
2012,"watered",260,10.443,293,"Iodent"
2012,"watered",245,7.791,231,"Iodent"
2012,"watered",245,7.091,218,"Other"
2012,"watered",250,8.225,220,"Other"
2012,"watered",235,10.173,244,"Lancaster"
2012,"watered",230,8.944,238,"Stiff_Stalk"
2012,"watered",245,8.083,207,"Lancaster"
2012,"watered",240,9.639,252,"Other"
2012,"watered",260,8.188,233,"Other"
2012,"watered",255,9.672,236,"Other"
2012,"watered",265,8.392,202,"Other"
2012,"watered",235,7.655,254,"Other"
2012,"watered",270,11.071,249,"Stiff_Stalk"
2012,"watered",250,11.23,231,"Lancaster"
2012,"watered",255,9.572,233,"Iodent"
2012,"watered",250,12.181,239,"Iodent"
2012,"watered",255,10.377,233,"Other"
2012,"watered",290,6.054,221,"Stiff_Stalk"
2012,"watered",245,9.507,282,"Other"
2012,"watered",245,9.923,244,"Lancaster"
2012,"watered",240,11.489,274,"Stiff_Stalk"
2012,"watered",220,8.962,254,"Other"
2012,"watered",235,11.005,226,"Other"
2012,"watered",245,10.427,248,"Other"
2012,"watered",240,9.725,254,"Stiff_Stalk"
2012,"watered",245,7.627,183,"Other"
2012,"watered",255,10.051,211,"Stiff_Stalk"
2012,"watered",255,8.036,277,"Other"
2012,"watered",220,9.621,224,"Iodent"
2012,"watered",235,9.313,244,"Stiff_Stalk"
2012,"watered",260,9.573,218,"Lancaster"
2012,"watered",235,10.464,254,"Iodent"
2012,"watered",250,9.324,245,"Stiff_Stalk"
2012,"watered",250,10.118,183,"Other"
2012,"watered",245,9.925,222,"Lancaster"
2012,"watered",240,9.378,226,"Other"
2012,"watered",220,9.463,251,"Lancaster"
2012,"watered",220,10.433,237,"Other"
2012,"watered",235,11.707,247,"Iodent"
2012,"watered",235,9.841,242,"Stiff_Stalk"
2012,"watered",240,8.73,246,"Stiff_Stalk"
2012,"watered",270,11.735,301,"Iodent"
2012,"watered",270,11.577,237,"Other"
2012,"watered",255,11.078,248,"Stiff_Stalk"
2012,"watered",245,8.37,212,"Other"
2012,"watered",260,12.033,193,"Lancaster"
2012,"watered",245,7.939,227,"Other"
2012,"watered",260,11.193,253,"Iodent"
2012,"watered",265,9.704,246,"Iodent"
2012,"watered",250,9.876,216,"Other"
2012,"watered",265,7.436,224,"Other"
2012,"watered",265,11.325,258,"Lancaster"
2012,"watered",250,11.151,252,"Lancaster"
2012,"watered",250,10.743,289,"Other"
2012,"watered",250,9.276,243,"Lancaster"
2012,"watered",235,8.356,258,"Other"
2012,"watered",290,11.214,246,"Stiff_Stalk"
2012,"watered",265,9.318,244,"Stiff_Stalk"
2012,"watered",275,9.552,245,"Stiff_Stalk"
2012,"watered",270,9.738,260,"Stiff_Stalk"
2012,"watered",235,5.997,267,"Other"
2012,"watered",260,11.425,265,"Iodent"
2012,"watered",250,8.696,181,"Other"
2012,"watered",265,9.486,247,"Lancaster"
2012,"watered",250,11.782,245,"Lancaster"
2012,"watered",260,9.396,259,"Lancaster"
2012,"watered",240,8.915,252,"Stiff_Stalk"
2012,"watered",250,7.351,237,"Other"
2012,"watered",240,7.579,266,"Other"
2012,"watered",250,7.734,259,"Lancaster"
2012,"watered",250,10.53,223,"Stiff_Stalk"
2012,"watered",240,9.905,261,"Stiff_Stalk"
2012,"watered",230,9.443,232,"Lancaster"
2012,"watered",265,11.375,248,"Stiff_Stalk"
2012,"watered",255,9.598,228,"Lancaster"
2012,"watered",255,9.541,264,"Stiff_Stalk"
2012,"watered",235,8.572,236,"Iodent"
2012,"watered",250,9.538,262,"Iodent"
2012,"watered",245,7.949,173,"Other"
2012,"watered",245,8.186,202,"Other"
2012,"watered",240,8.865,232,"Other"
2012,"watered",240,7.598,274,"Stiff_Stalk"
2012,"watered",250,10.04,217,"Lancaster"
2012,"watered",275,9.436,238,"Stiff_Stalk"
2012,"watered",270,8.136,216,"Other"
2012,"watered",255,7.706,228,"Lancaster"
2012,"watered",255,7.032,220,"Stiff_Stalk"
2012,"watered",265,8.607,258,"Other"
2012,"watered",260,9.327,241,"Stiff_Stalk"
2012,"watered",255,7.299,204,"Other"
2012,"watered",265,9.277,203,"Other"
2012,"watered",260,9.809,228,"Other"
2012,"watered",245,8.972,249,"Lancaster"
2012,"watered",240,10.546,247,"Iodent"
2012,"watered",250,9.699,235,"Other"
2012,"watered",240,9.421,254,"Iodent"
2012,"watered",250,9.955,231,"Iodent"
2012,"watered",260,7.728,189,"Other"
2012,"watered",260,8.277,200,"Other"
2012,"watered",240,10.391,240,"Stiff_Stalk"
2012,"watered",265,10.052,263,"Iodent"
2012,"watered",250,6.607,222,"Other"
2012,"watered",265,10.602,220,"Stiff_Stalk"
2012,"watered",250,8.981,245,"Iodent"
2012,"watered",245,9.989,263,"Iodent"
2012,"watered",245,7.11,183,"Other"
2012,"watered",250,6.608,187,"Lancaster"
2012,"watered",255,9.821,244,"Other"
2012,"watered",245,7.725,184,"Other"
2012,"watered",230,7.842,268,"Other"
2012,"watered",250,6.692,230,"Lancaster"
2012,"watered",270,9.695,251,"Other"
2012,"watered",260,8.509,250,"Other"
2012,"watered",245,8.464,228,"Other"
2012,"watered",235,9.359,213,"Other"
2012,"watered",245,7.115,222,"Other"
2012,"watered",265,12.188,282,"Iodent"
2012,"watered",255,10.313,236,"Lancaster"
2012,"watered",250,9.392,266,"Iodent"
2012,"watered",250,11.913,218,"Stiff_Stalk"
2012,"watered",270,10.345,225,"Lancaster"
2012,"watered",260,7.905,244,"Other"
2012,"watered",265,8.239,248,"Other"
2012,"watered",240,9.557,264,"Other"
2012,"watered",250,11.213,237,"Lancaster"
2012,"watered",260,9.227,267,"Iodent"
2012,"watered",255,9.794,249,"Stiff_Stalk"
2012,"watered",270,7.235,270,"Other"
2012,"watered",275,8.6,245,"Other"
2012,"watered",270,5.399,187,"Other"
2012,"watered",280,7.836,253,"Other"
2012,"watered",270,10.652,246,"Lancaster"
2012,"watered",250,9.282,242,"Other"
2012,"watered",265,7.526,215,"Other"
2012,"watered",255,9.737,275,"Stiff_Stalk"
2012,"watered",260,8.529,220,"Lancaster"
2012,"watered",245,8.589,273,"Lancaster"
2012,"watered",290,11.117,238,"Lancaster"
2012,"watered",260,10.076,255,"Iodent"
2012,"watered",260,11.674,232,"Other"
2012,"watered",245,8.739,271,"Iodent"
2012,"watered",250,11.38,254,"Stiff_Stalk"
2012,"watered",245,11.169,242,"Lancaster"
2012,"watered",285,9.487,226,"Other"
2012,"watered",255,8.647,227,"Other"
2012,"watered",255,11.027,250,"Lancaster"
2012,"watered",245,10.753,285,"Other"
2012,"watered",245,7.89,230,"Other"
2012,"watered",260,9.186,226,"Other"
2012,"watered",250,10.242,227,"Other"
2012,"watered",285,8.609,229,"Lancaster"
2012,"watered",255,11.169,226,"Stiff_Stalk"
2012,"watered",250,10.949,258,"Other"
2012,"watered",230,10.316,264,"Lancaster"
2012,"watered",240,10.447,266,"Other"
2012,"watered",265,11.197,229,"Lancaster"
2012,"watered",270,8.589,272,"Stiff_Stalk"
2012,"watered",245,10.778,259,"Iodent"
2012,"watered",250,10.434,269,"Lancaster"
2012,"watered",260,10.044,288,"Other"
2012,"watered",265,7.828,233,"Other"
2012,"watered",260,10.788,271,"Iodent"
2012,"watered",245,8.56,273,"Other"
2012,"watered",260,6.983,228,"Lancaster"
2012,"watered",255,7.692,219,"Other"
2012,"watered",240,9.974,215,"Stiff_Stalk"
2012,"watered",240,8.029,232,"Other"
2012,"watered",270,10.338,215,"Lancaster"
2012,"watered",255,8.886,249,"Other"
2012,"watered",250,8.254,218,"Lancaster"
2012,"watered",230,10.26,277,"Other"
2012,"watered",250,10.34,235,"Other"
2012,"watered",255,8.008,239,"Stiff_Stalk"
2012,"watered",250,6.168,224,"Other"
2012,"watered",255,9.902,236,"Iodent"
2012,"watered",240,7.618,242,"Other"
2012,"watered",255,10.322,189,"Other"
2012,"watered",260,9.792,234,"Lancaster"
2012,"watered",270,8.492,246,"Iodent"
2012,"watered",255,7.053,270,"Iodent"
2012,"watered",255,9.573,222,"Other"
2012,"watered",255,11.411,265,"Iodent"
2012,"watered",255,9.5,234,"Stiff_Stalk"
2012,"watered",265,7.503,218,"Other"
2012,"watered",240,9.485,222,"Stiff_Stalk"
2012,"watered",250,7.56,236,"Other"
2012,"watered",250,9.984,247,"Iodent"
2012,"watered",245,8.276,206,"Lancaster"
2012,"watered",235,8.472,289,"Other"
2012,"watered",260,8.935,253,"Stiff_Stalk"
2012,"watered",260,9.853,237,"Stiff_Stalk"
2012,"watered",245,8.536,227,"Iodent"
2012,"watered",255,9.846,220,"Lancaster"
2012,"watered",250,6.814,221,"Other"
2012,"watered",255,8.422,213,"Other"
2012,"watered",250,8.157,213,"Lancaster"
2012,"watered",285,10.827,235,"Stiff_Stalk"
2012,"watered",260,9.205,205,"Stiff_Stalk"
2012,"watered",260,10.906,242,"Other"
2012,"watered",275,10.805,231,"Stiff_Stalk"
2012,"watered",260,7.467,217,"Other"
2012,"watered",255,10.612,264,"Iodent"
2012,"watered",265,8.696,288,"Lancaster"
2012,"watered",255,10.113,221,"Stiff_Stalk"
2012,"watered",250,9.305,265,"Iodent"
2012,"watered",245,10.882,264,"Lancaster"
2012,"watered",245,10.982,248,"Lancaster"
2012,"watered",255,8.404,252,"Stiff_Stalk"
2012,"watered",250,11.689,213,"Stiff_Stalk"
2012,"watered",245,9.555,237,"Iodent"
2012,"watered",260,8.804,253,"Lancaster"
2012,"watered",245,7.902,221,"Other"
2012,"watered",255,9.271,242,"Stiff_Stalk"
2012,"watered",245,10.401,209,"Lancaster"
2012,"watered",250,9.48,206,"Other"
2012,"watered",240,5.611,211,"Stiff_Stalk"
2012,"watered",260,10.997,239,"Other"
2012,"watered",255,10.216,260,"Lancaster"
2012,"watered",245,9.193,197,"Stiff_Stalk"
2012,"watered",270,7.11,272,"Other"
2012,"watered",240,10.288,226,"Iodent"
2012,"watered",250,11.716,250,"Iodent"
2012,"watered",255,9.419,225,"Other"
2012,"watered",245,10.715,265,"Iodent"
2012,"watered",275,10.9,260,"Stiff_Stalk"
2012,"watered",250,11.132,284,"Iodent"
2012,"watered",275,12.355,223,"Other"
2012,"watered",240,6.338,251,"Other"
2012,"watered",275,11.098,251,"Other"
2012,"watered",245,8.125,237,"Other"
2012,"watered",255,10.469,245,"Other"
2012,"watered",265,10.844,242,"Iodent"
2012,"watered",270,9.986,255,"Other"
2012,"watered",265,6.323,246,"Other"
2012,"watered",260,10.22,250,"Other"
2012,"watered",245,6.25,242,"Other"
2012,"watered",240,10.688,210,"Other"
2012,"watered",240,7.047,287,"Other"
2012,"watered",275,11.176,251,"Stiff_Stalk"
2012,"watered",240,9.646,263,"Other"
2012,"watered",265,11.705,239,"Lancaster"
2012,"watered",260,9.811,241,"Stiff_Stalk"
2012,"watered",275,11.179,238,"Stiff_Stalk"
2012,"watered",275,11.387,233,"Other"
2012,"watered",250,7.673,257,"Lancaster"
2012,"watered",275,10.155,264,"Stiff_Stalk"
2012,"watered",270,10.001,223,"Stiff_Stalk"
2012,"watered",270,12.57,203,"Lancaster"
2012,"watered",265,8.898,253,"Stiff_Stalk"
2012,"watered",260,10.405,228,"Stiff_Stalk"
2012,"watered",255,13.235,226,"Iodent"
2012,"watered",250,9.902,273,"Other"
2012,"watered",245,11.607,179,"Other"
2012,"watered",270,10.248,208,"Other"
2012,"watered",245,11.43,223,"Other"
2012,"watered",260,12.535,241,"Stiff_Stalk"
2012,"watered",275,12.419,228,"Lancaster"
2012,"watered",255,11.594,272,"Iodent"
2012,"watered",290,13.478,219,"Stiff_Stalk"
2012,"watered",280,8.634,234,"Other"
2012,"watered",265,9.042,238,"Other"
2012,"watered",275,10.177,241,"Other"
2012,"watered",275,11.039,235,"Other"
2012,"watered",245,9.31,288,"Other"
2012,"watered",265,13.771,214,"Stiff_Stalk"
2012,"watered",255,6.923,200,"Iodent"
2012,"watered",270,11.732,246,"Iodent"
2012,"watered",275,12.227,244,"Stiff_Stalk"
2012,"watered",255,8.743,263,"Other"
2012,"watered",255,12.74,199,"Stiff_Stalk"
2012,"watered",260,10.941,285,"Stiff_Stalk"
2012,"watered",265,12.767,285,"Iodent"
2012,"watered",265,11.075,239,"Other"
2012,"watered",280,12.822,247,"Lancaster"
2012,"watered",290,11.369,249,"Other"
2012,"watered",265,11.833,236,"Lancaster"
2012,"watered",250,11.289,247,"Other"
2012,"watered",250,10.106,260,"Other"
2012,"watered",255,11.494,244,"Stiff_Stalk"
2012,"watered",235,10.128,272,"Iodent"
2012,"watered",260,6.638,227,"Other"
2012,"watered",270,10.842,282,"Other"
2012,"watered",230,5.154,220,"Other"
2012,"watered",270,8.018,215,"Other"
2012,"watered",265,10.715,251,"Iodent"
2012,"watered",270,11.912,271,"Stiff_Stalk"
2012,"watered",260,10.503,260,"Iodent"
2012,"watered",250,11.448,255,"Lancaster"
2012,"watered",270,11.214,246,"Stiff_Stalk"
2012,"watered",260,10.655,300,"Stiff_Stalk"
2012,"watered",270,12.073,265,"Stiff_Stalk"
2012,"watered",280,7.032,196,"Other"
2012,"watered",290,11.489,246,"Iodent"
2012,"watered",270,9.625,242,"Other"
2012,"watered",285,10.579,273,"Stiff_Stalk"
2012,"watered",245,7.859,198,"Other"
2012,"watered",270,9.325,258,"Stiff_Stalk"
2012,"watered",250,8.438,215,"Stiff_Stalk"
2012,"watered",260,6.021,253,"Other"
2012,"watered",240,8.483,204,"Lancaster"
2012,"watered",270,9.615,288,"Iodent"
2012,"watered",255,9.651,228,"Other"
2012,"watered",260,9.611,258,"Lancaster"
2012,"rainfed",245,8.938,314,"Other"
2012,"rainfed",250,8.595,242,"Other"
2012,"rainfed",230,8.516,196,"Other"
2012,"rainfed",250,11.894,200,"Stiff_Stalk"
2012,"rainfed",245,8.488,235,"Other"
2012,"rainfed",250,12.973,231,"Stiff_Stalk"
2012,"rainfed",245,9.087,229,"Stiff_Stalk"
2012,"rainfed",255,10.726,246,"Iodent"
2012,"rainfed",250,7.758,204,"Other"
2012,"rainfed",240,8.741,224,"Other"
2012,"rainfed",240,8.851,230,"Other"
2012,"rainfed",265,11.867,191,"Lancaster"
2012,"rainfed",235,7.45,207,"Other"
2012,"rainfed",280,12.054,236,"Other"
2012,"rainfed",245,10.812,231,"Lancaster"
2012,"rainfed",235,7.244,229,"Other"
2012,"rainfed",255,7.129,266,"Other"
2012,"rainfed",255,10.961,238,"Stiff_Stalk"
2012,"rainfed",265,11.48,238,"Stiff_Stalk"
2012,"rainfed",245,9.202,232,"Iodent"
2012,"rainfed",260,11.01,250,"Iodent"
2012,"rainfed",240,11.918,240,"Lancaster"
2012,"rainfed",250,6.835,205,"Other"
2012,"rainfed",245,10.015,227,"Other"
2012,"rainfed",260,12.627,242,"Stiff_Stalk"
2012,"rainfed",255,11.65,242,"Lancaster"
2012,"rainfed",250,7.856,246,"Other"
2012,"rainfed",250,8.606,218,"Other"
2012,"rainfed",255,10.257,231,"Other"
2012,"rainfed",235,9.301,215,"Other"
2012,"rainfed",245,11.443,239,"Other"
2012,"rainfed",245,9.155,237,"Other"
2012,"rainfed",250,12.428,258,"Stiff_Stalk"
2012,"rainfed",260,11.136,233,"Other"
2012,"rainfed",260,12.461,221,"Stiff_Stalk"
2012,"rainfed",220,7.787,210,"Other"
2012,"rainfed",225,11.287,256,"Stiff_Stalk"
2012,"rainfed",245,8.142,242,"Stiff_Stalk"
2012,"rainfed",258,12.787,246,"Stiff_Stalk"
2012,"rainfed",230,8.827,213,"Other"
2012,"rainfed",240,9.165,265,"Other"
2012,"rainfed",250,12.589,232,"Stiff_Stalk"
2012,"rainfed",255,10.905,281,"Iodent"
2012,"rainfed",245,11.545,244,"Lancaster"
2012,"rainfed",245,11.199,231,"Other"
2012,"rainfed",245,10.871,257,"Iodent"
2012,"rainfed",265,8.696,251,"Other"
2012,"rainfed",245,10.869,211,"Other"
2012,"rainfed",240,8.42,244,"Other"
2012,"rainfed",270,13.529,270,"Other"
2012,"rainfed",280,11.573,240,"Other"
2012,"rainfed",240,11.689,199,"Lancaster"
2012,"rainfed",245,11.452,228,"Lancaster"
2012,"rainfed",260,7.45,213,"Other"
2012,"rainfed",240,11.956,275,"Iodent"
2012,"rainfed",250,9.75,201,"Other"
2012,"rainfed",275,11.627,201,"Stiff_Stalk"
2012,"rainfed",220,10.7,243,"Iodent"
2012,"rainfed",260,11.464,280,"Iodent"
2012,"rainfed",230,8.963,227,"Other"
2012,"rainfed",265,8.446,247,"Other"
2012,"rainfed",255,11.63,242,"Other"
2012,"rainfed",245,10.359,258,"Iodent"
2012,"rainfed",245,9.082,196,"Other"
2012,"rainfed",235,7.916,284,"Other"
2012,"rainfed",265,11.674,267,"Iodent"
2012,"rainfed",225,10.535,254,"Other"
2012,"rainfed",240,13.628,245,"Lancaster"
2012,"rainfed",240,9.495,233,"Stiff_Stalk"
2012,"rainfed",250,7.45,216,"Other"
2012,"rainfed",250,12.366,228,"Other"
2012,"rainfed",245,7.247,263,"Other"
2012,"rainfed",260,8.922,193,"Other"
2012,"rainfed",255,11.419,260,"Iodent"
2012,"rainfed",240,10.054,240,"Iodent"
2012,"rainfed",235,12.094,233,"Stiff_Stalk"
2012,"rainfed",245,10.155,243,"Stiff_Stalk"
2012,"rainfed",240,11.738,248,"Iodent"
2012,"rainfed",260,10.599,235,"Other"
2012,"rainfed",265,12.977,276,"Lancaster"
2012,"rainfed",260,12.492,256,"Iodent"
2012,"rainfed",240,8.798,242,"Other"
2012,"rainfed",255,11.087,257,"Stiff_Stalk"
2012,"rainfed",276,12.489,229,"Stiff_Stalk"
2012,"rainfed",245,9.042,236,"Iodent"
2012,"rainfed",250,9.939,231,"Lancaster"
2012,"rainfed",275,10.405,254,"Stiff_Stalk"
2012,"rainfed",265,12.116,247,"Lancaster"
2012,"rainfed",270,10.549,235,"Lancaster"
2012,"rainfed",260,11.745,184,"Other"
2012,"rainfed",240,11.193,225,"Other"
2012,"rainfed",235,9.081,240,"Other"
2012,"rainfed",255,9.809,236,"Other"
2012,"rainfed",235,9.992,208,"Other"
2012,"rainfed",245,10.36,249,"Iodent"
2012,"rainfed",255,9.253,273,"Lancaster"
2012,"rainfed",275,13.809,260,"Stiff_Stalk"
2012,"rainfed",250,10.118,208,"Other"
2012,"rainfed",230,9.778,244,"Lancaster"
2012,"rainfed",255,10.433,203,"Other"
2012,"rainfed",280,8.517,232,"Other"
2012,"rainfed",235,12.114,212,"Stiff_Stalk"
2012,"rainfed",235,10.84,253,"Iodent"
2012,"rainfed",270,10.224,250,"Stiff_Stalk"
2012,"rainfed",265,11.483,248,"Other"
2012,"rainfed",260,10.043,247,"Stiff_Stalk"
2012,"rainfed",250,9.354,222,"Lancaster"
2012,"rainfed",235,11.191,252,"Iodent"
2012,"rainfed",235,11.914,217,"Other"
2012,"rainfed",235,9.982,230,"Other"
2012,"rainfed",255,9.992,262,"Other"
2012,"rainfed",260,7.993,184,"Stiff_Stalk"
2012,"rainfed",270,12.882,224,"Other"
2012,"rainfed",270,10.426,224,"Iodent"
2012,"rainfed",245,8.716,246,"Other"
2012,"rainfed",250,10.53,215,"Iodent"
2012,"rainfed",245,12.925,186,"Other"
2012,"rainfed",245,9.105,185,"Other"
2012,"rainfed",240,7.565,230,"Other"
2012,"rainfed",255,10.919,229,"Lancaster"
2012,"rainfed",245,8.207,280,"Other"
2012,"rainfed",230,7.991,219,"Other"
2012,"rainfed",260,10.013,241,"Other"
2012,"rainfed",260,9.953,245,"Other"
2012,"rainfed",265,12.104,263,"Stiff_Stalk"
2012,"rainfed",245,11.225,218,"Lancaster"
2012,"rainfed",250,11.465,223,"Other"
2012,"rainfed",245,12.392,230,"Lancaster"
2012,"rainfed",235,10.948,220,"Iodent"
2012,"rainfed",240,9.712,251,"Other"
2012,"rainfed",265,11.153,211,"Other"
2012,"rainfed",235,10.942,204,"Stiff_Stalk"
2012,"rainfed",230,8.351,236,"Other"
2012,"rainfed",250,11.506,201,"Other"
2012,"rainfed",265,13.066,213,"Lancaster"
2012,"rainfed",235,9.898,260,"Other"
2012,"rainfed",245,11.558,258,"Lancaster"
2012,"rainfed",260,13.003,189,"Other"
2012,"rainfed",245,11.419,248,"Lancaster"
2012,"rainfed",235,8.266,203,"Lancaster"
2012,"rainfed",240,11.231,229,"Lancaster"
2012,"rainfed",245,10.273,234,"Other"
2012,"rainfed",250,10.896,268,"Stiff_Stalk"
2012,"rainfed",245,13.031,259,"Lancaster"
2012,"rainfed",230,12.325,233,"Lancaster"
2012,"rainfed",225,9.253,223,"Iodent"
2012,"rainfed",230,9.565,216,"Other"
2012,"rainfed",240,7.616,215,"Other"
2012,"rainfed",255,12.068,247,"Other"
2012,"rainfed",230,9.737,262,"Other"
2012,"rainfed",245,11.381,241,"Stiff_Stalk"
2012,"rainfed",235,11.704,246,"Lancaster"
2012,"rainfed",250,10.344,281,"Iodent"
2012,"rainfed",255,8.407,198,"Other"
2012,"rainfed",285,10.411,208,"Other"
2012,"rainfed",260,7.993,225,"Other"
2012,"rainfed",260,12.775,185,"Lancaster"
2012,"rainfed",240,9.882,206,"Iodent"
2012,"rainfed",240,9.66,276,"Other"
2012,"rainfed",255,11.77,244,"Other"
2012,"rainfed",265,6.152,203,"Other"
2012,"rainfed",265,12.35,207,"Other"
2012,"rainfed",260,11.804,249,"Lancaster"
2012,"rainfed",245,10.103,210,"Other"
2012,"rainfed",225,8.119,217,"Other"
2012,"rainfed",255,11.198,252,"Lancaster"
2012,"rainfed",245,8.277,252,"Other"
2012,"rainfed",250,12.124,207,"Lancaster"
2012,"rainfed",245,10.036,237,"Other"
2012,"rainfed",250,9.787,279,"Iodent"
2012,"rainfed",260,11.472,208,"Lancaster"
2012,"rainfed",270,12.141,241,"Iodent"
2012,"rainfed",260,12.198,194,"Stiff_Stalk"
2012,"rainfed",275,8.19,221,"Other"
2012,"rainfed",255,12.051,248,"Iodent"
2012,"rainfed",255,11.344,210,"Lancaster"
2012,"rainfed",260,11.647,192,"Lancaster"
2012,"rainfed",245,9.09,252,"Other"
2012,"rainfed",245,8.821,216,"Other"
2012,"rainfed",250,10.21,229,"Iodent"
2012,"rainfed",265,10.497,216,"Lancaster"
2012,"rainfed",250,7.296,205,"Other"
2012,"rainfed",255,12.776,221,"Other"
2012,"rainfed",230,10.485,224,"Lancaster"
2012,"rainfed",235,8.111,200,"Other"
2012,"rainfed",235,10.212,280,"Other"
2012,"rainfed",235,8.231,232,"Other"
2012,"rainfed",235,11.089,244,"Lancaster"
2012,"rainfed",260,9.385,221,"Other"
2012,"rainfed",240,9.768,240,"Other"
2012,"rainfed",245,10.523,245,"Other"
2012,"rainfed",240,11.583,219,"Stiff_Stalk"
2012,"rainfed",265,13.384,251,"Stiff_Stalk"
2012,"rainfed",240,10.402,211,"Lancaster"
2012,"rainfed",245,9.029,245,"Iodent"
2012,"rainfed",270,12.74,226,"Other"
2012,"rainfed",240,10.35,235,"Lancaster"
2012,"rainfed",260,12.865,256,"Iodent"
2012,"rainfed",235,8.595,191,"Other"
2012,"rainfed",240,11.45,217,"Lancaster"
2012,"rainfed",245,9.559,219,"Stiff_Stalk"
2012,"rainfed",260,8.976,204,"Lancaster"
2012,"rainfed",260,11.214,175,"Other"
2012,"rainfed",230,9.224,246,"Lancaster"
2012,"rainfed",250,9.49,271,"Iodent"
2012,"rainfed",240,9.915,209,"Other"
2012,"rainfed",245,10.569,282,"Lancaster"
2012,"rainfed",245,10.736,243,"Stiff_Stalk"
2012,"rainfed",250,11.256,266,"Iodent"
2012,"rainfed",235,11.085,282,"Iodent"
2012,"rainfed",265,11.281,276,"Iodent"
2012,"rainfed",255,12.139,244,"Other"
2012,"rainfed",240,11.685,249,"Stiff_Stalk"
2012,"rainfed",245,9.721,250,"Stiff_Stalk"
2012,"rainfed",255,12.773,255,"Stiff_Stalk"
2012,"rainfed",270,10.615,225,"Other"
2012,"rainfed",255,9.692,243,"Other"
2012,"rainfed",245,10.396,273,"Stiff_Stalk"
2012,"rainfed",235,11.545,237,"Iodent"
2012,"rainfed",240,10.282,281,"Iodent"
2012,"rainfed",255,11.793,222,"Lancaster"
2012,"rainfed",255,11.102,251,"Iodent"
2012,"rainfed",250,8.702,219,"Other"
2012,"rainfed",250,11.256,276,"Iodent"
2012,"rainfed",265,12.426,236,"Stiff_Stalk"
2012,"rainfed",250,10.796,251,"Lancaster"
2012,"rainfed",250,12.985,255,"Stiff_Stalk"
2012,"rainfed",245,10.821,259,"Lancaster"
2012,"rainfed",240,10.889,259,"Lancaster"
2012,"rainfed",255,10.327,247,"Other"
2012,"rainfed",255,12.395,260,"Lancaster"
2012,"rainfed",255,11.163,226,"Lancaster"
2012,"rainfed",255,10.824,228,"Lancaster"
2012,"rainfed",245,9.191,236,"Other"
2012,"rainfed",240,9.943,230,"Other"
2012,"rainfed",235,9.717,195,"Other"
2012,"rainfed",240,10.202,267,"Stiff_Stalk"
2012,"rainfed",250,9.826,273,"Lancaster"
2012,"rainfed",265,12.655,238,"Stiff_Stalk"
2012,"rainfed",245,10.948,258,"Iodent"
2012,"rainfed",275,12.348,220,"Other"
2012,"rainfed",235,9.293,227,"Lancaster"
2012,"rainfed",240,11.398,230,"Stiff_Stalk"
2012,"rainfed",240,9.236,257,"Lancaster"
2012,"rainfed",250,11.895,274,"Other"
2012,"rainfed",260,10.905,250,"Other"
2012,"rainfed",235,9.188,219,"Stiff_Stalk"
2012,"rainfed",270,12.864,234,"Stiff_Stalk"
2012,"rainfed",240,8.389,255,"Other"
2012,"rainfed",240,10.059,222,"Other"
2012,"rainfed",240,9.538,259,"Other"
2012,"rainfed",235,7.126,265,"Lancaster"
2012,"rainfed",260,9.888,214,"Other"
2012,"rainfed",255,11.694,237,"Iodent"
2012,"rainfed",260,9.641,255,"Iodent"
2012,"rainfed",240,10.796,229,"Other"
2012,"rainfed",250,8.577,204,"Other"
2012,"rainfed",250,8.988,211,"Lancaster"
2012,"rainfed",250,11.641,291,"Iodent"
2012,"rainfed",240,10.702,230,"Stiff_Stalk"
2012,"rainfed",250,10.102,223,"Other"
2012,"rainfed",245,11.763,242,"Stiff_Stalk"
2012,"rainfed",240,7.628,239,"Other"
2012,"rainfed",250,9.391,219,"Other"
2012,"rainfed",260,12.618,256,"Lancaster"
2012,"rainfed",255,10.032,284,"Stiff_Stalk"
2012,"rainfed",265,9.648,250,"Stiff_Stalk"
2012,"rainfed",245,11.796,222,"Iodent"
2012,"rainfed",245,9.2,243,"Lancaster"
2012,"rainfed",275,7.681,210,"Other"
2012,"rainfed",245,9.244,251,"Iodent"
2012,"rainfed",260,10.936,209,"Other"
2012,"rainfed",245,10.801,251,"Iodent"
2012,"rainfed",260,9.78,256,"Other"
2012,"rainfed",250,9.721,255,"Other"
2012,"rainfed",250,11.064,273,"Iodent"
2012,"rainfed",250,13.902,238,"Iodent"
2012,"rainfed",215,9.598,228,"Lancaster"
2012,"rainfed",250,7.024,250,"Other"
2012,"rainfed",265,11.7,219,"Other"
2012,"rainfed",260,10.637,232,"Other"
2012,"rainfed",245,10.191,261,"Iodent"
2012,"rainfed",255,11.596,188,"Other"
2012,"rainfed",255,9.19,218,"Other"
2012,"rainfed",260,11.832,235,"Other"
2012,"rainfed",260,12.303,231,"Stiff_Stalk"
2012,"rainfed",250,9.92,249,"Iodent"
2012,"rainfed",265,13.829,236,"Stiff_Stalk"
2012,"rainfed",255,6.871,172,"Other"
2012,"rainfed",245,8.236,233,"Other"
2012,"rainfed",240,10.804,235,"Stiff_Stalk"
2012,"rainfed",245,11.897,261,"Stiff_Stalk"
2012,"rainfed",265,11.085,238,"Other"
2012,"rainfed",240,9.147,230,"Other"
2012,"rainfed",245,7.873,204,"Other"
2012,"rainfed",235,9.326,235,"Other"
2012,"rainfed",260,13.77,230,"Stiff_Stalk"
2012,"rainfed",240,10.669,258,"Lancaster"
2012,"rainfed",230,10.026,250,"Iodent"
2012,"rainfed",240,11.529,250,"Lancaster"
2012,"rainfed",230,11.419,212,"Lancaster"
2012,"rainfed",225,7.946,250,"Other"
2012,"rainfed",240,10.858,271,"Lancaster"
2012,"rainfed",235,9.874,238,"Stiff_Stalk"
2012,"rainfed",240,11.262,234,"Lancaster"
2012,"rainfed",260,7.979,256,"Other"
2012,"rainfed",265,11.395,240,"Lancaster"
2012,"rainfed",255,10.675,206,"Lancaster"
2012,"rainfed",235,12.213,228,"Lancaster"
2012,"rainfed",230,7.717,188,"Other"
2012,"rainfed",250,11.039,272,"Stiff_Stalk"
2012,"rainfed",260,12.617,259,"Iodent"
2012,"rainfed",265,6.927,230,"Other"
2012,"rainfed",250,11.184,264,"Iodent"
2012,"rainfed",265,7.9,251,"Other"
2012,"rainfed",240,10.998,233,"Stiff_Stalk"
2012,"rainfed",270,10.207,223,"Other"
2012,"rainfed",250,11.231,271,"Lancaster"
2012,"rainfed",250,6.541,191,"Other"
2012,"rainfed",260,12.673,244,"Stiff_Stalk"
2012,"rainfed",245,8.272,233,"Other"
2012,"rainfed",270,14.105,240,"Other"
2012,"rainfed",250,7.109,225,"Other"
2012,"rainfed",255,10.841,251,"Stiff_Stalk"
2012,"rainfed",240,10.377,248,"Iodent"
2012,"rainfed",255,12.006,217,"Lancaster"
2012,"rainfed",250,11.999,242,"Lancaster"
2012,"rainfed",225,9.531,265,"Other"
2012,"rainfed",265,12.182,239,"Iodent"
2012,"rainfed",245,10.313,238,"Stiff_Stalk"
2012,"rainfed",230,9.938,239,"Iodent"
2012,"rainfed",240,10.2,274,"Iodent"
2012,"rainfed",250,10.347,229,"Stiff_Stalk"
2012,"rainfed",255,7.667,236,"Other"
2012,"rainfed",245,11.31,253,"Other"
2012,"rainfed",235,9.801,241,"Iodent"
2012,"rainfed",230,10.782,210,"Stiff_Stalk"
2012,"rainfed",240,10.312,212,"Other"
2012,"rainfed",245,11.116,221,"Lancaster"
2012,"rainfed",255,11.68,239,"Lancaster"
2012,"rainfed",255,10.595,218,"Other"
2012,"rainfed",260,9.307,233,"Other"
2012,"rainfed",240,7.044,240,"Other"
2012,"rainfed",255,11.126,232,"Stiff_Stalk"
2012,"rainfed",270,11.63,266,"Lancaster"
2012,"rainfed",235,8.459,261,"Other"
2012,"rainfed",270,14.766,256,"Stiff_Stalk"
2012,"rainfed",230,9.928,269,"Iodent"
2012,"rainfed",245,10.886,267,"Other"
2012,"rainfed",235,11.503,248,"Lancaster"
2012,"rainfed",255,10.905,258,"Stiff_Stalk"
2012,"rainfed",255,9.774,232,"Other"
2012,"rainfed",240,12.24,230,"Lancaster"
2012,"rainfed",245,8.018,231,"Other"
2012,"rainfed",250,11.285,221,"Other"
2012,"rainfed",275,10.023,217,"Other"
2012,"rainfed",250,11.026,240,"Stiff_Stalk"
2012,"rainfed",240,7.844,258,"Other"
2012,"rainfed",265,13.641,243,"Stiff_Stalk"
2012,"rainfed",260,9.515,248,"Stiff_Stalk"
2012,"rainfed",255,11.184,238,"Stiff_Stalk"
2012,"rainfed",245,11.356,209,"Iodent"
2012,"rainfed",235,8.815,234,"Stiff_Stalk"
2012,"rainfed",230,10.592,221,"Iodent"
2012,"rainfed",260,10.292,217,"Other"
2012,"rainfed",245,8.683,236,"Other"
2012,"rainfed",245,12.384,250,"Iodent"
2012,"rainfed",240,10.558,289,"Stiff_Stalk"
2012,"rainfed",220,10.54,265,"Iodent"
2012,"rainfed",230,8.985,235,"Other"
2012,"rainfed",235,9.893,225,"Lancaster"
2012,"rainfed",220,9.216,275,"Iodent"
2012,"rainfed",240,9.317,249,"Stiff_Stalk"
2012,"rainfed",250,13.62,236,"Lancaster"
2012,"rainfed",260,11.357,215,"Iodent"
2012,"rainfed",235,11.221,252,"Iodent"
2012,"rainfed",250,11.34,248,"Stiff_Stalk"
2012,"rainfed",255,7.571,218,"Other"
2012,"rainfed",240,11.97,247,"Stiff_Stalk"
2012,"rainfed",265,10.3,279,"Other"
2012,"rainfed",235,9.59,204,"Other"
2012,"rainfed",265,11.854,245,"Stiff_Stalk"
2012,"rainfed",270,13.352,234,"Lancaster"
2012,"rainfed",245,10.065,255,"Iodent"
2012,"rainfed",260,12.009,193,"Stiff_Stalk"
2012,"rainfed",270,12.935,235,"Lancaster"
2012,"rainfed",260,11.673,239,"Iodent"
2012,"rainfed",245,8.039,202,"Stiff_Stalk"
2012,"rainfed",265,13.233,215,"Stiff_Stalk"
2012,"rainfed",260,10.921,240,"Other"
2012,"rainfed",245,9.936,255,"Other"
2012,"rainfed",245,9.444,243,"Lancaster"
2012,"rainfed",270,11.956,264,"Stiff_Stalk"
2012,"rainfed",265,10.64,247,"Other"
2012,"rainfed",275,10.508,231,"Other"
2012,"rainfed",260,11.566,219,"Stiff_Stalk"
2012,"rainfed",280,10.727,243,"Stiff_Stalk"
2012,"rainfed",250,12.597,228,"Stiff_Stalk"
2012,"rainfed",265,10.795,226,"Stiff_Stalk"
2012,"rainfed",235,11.513,230,"Stiff_Stalk"
2012,"rainfed",240,8.947,245,"Iodent"
2012,"rainfed",230,7.16,215,"Other"
2012,"rainfed",250,12.437,209,"Stiff_Stalk"
2012,"rainfed",250,5.938,265,"Other"
2012,"rainfed",260,10.578,246,"Other"
2012,"rainfed",250,10.582,250,"Iodent"
2012,"rainfed",250,6.704,231,"Other"
2012,"rainfed",245,13.759,241,"Stiff_Stalk"
2012,"rainfed",250,9.382,253,"Stiff_Stalk"
2012,"rainfed",255,8.631,255,"Other"
2012,"rainfed",255,10.173,217,"Other"
2012,"rainfed",250,12.773,272,"Iodent"
2012,"rainfed",255,12.418,212,"Lancaster"
2012,"rainfed",250,9.569,230,"Lancaster"
2012,"rainfed",255,10.629,244,"Other"
2012,"rainfed",235,9.433,225,"Lancaster"
2012,"rainfed",230,8.777,267,"Other"
2012,"rainfed",240,8.179,223,"Stiff_Stalk"
2012,"rainfed",250,10.978,224,"Other"
2012,"rainfed",260,7.158,227,"Other"
2012,"rainfed",250,12.748,243,"Iodent"
2012,"rainfed",260,11.788,227,"Other"
2012,"rainfed",250,10.342,269,"Other"
2012,"rainfed",240,7.862,231,"Other"
2012,"rainfed",250,9.944,258,"Lancaster"
2012,"rainfed",265,10.93,248,"Other"
2012,"rainfed",260,8.482,232,"Iodent"
2012,"rainfed",240,11.687,256,"Iodent"
2012,"rainfed",225,9.749,266,"Other"
2012,"rainfed",255,11.975,288,"Iodent"
2012,"rainfed",260,12.669,257,"Stiff_Stalk"
2012,"rainfed",225,8.941,217,"Lancaster"
2012,"rainfed",255,10.377,252,"Other"
2012,"rainfed",245,8.707,245,"Other"
2012,"rainfed",240,11.656,227,"Other"
2012,"rainfed",225,7.938,218,"Other"
2012,"rainfed",225,13.278,219,"Stiff_Stalk"
2012,"rainfed",220,6.057,219,"Other"
2012,"rainfed",235,10.853,263,"Other"
2012,"rainfed",230,9.586,270,"Iodent"
2012,"rainfed",250,11.153,268,"Other"
2012,"rainfed",265,9.266,212,"Other"
2012,"rainfed",245,9.651,254,"Lancaster"
2012,"rainfed",240,11.183,273,"Stiff_Stalk"
2012,"rainfed",270,9.423,237,"Stiff_Stalk"
2012,"rainfed",255,12.956,264,"Stiff_Stalk"
2012,"rainfed",250,10.585,242,"Other"
2012,"rainfed",230,8.189,295,"Other"
2012,"rainfed",265,11.024,240,"Stiff_Stalk"
2012,"rainfed",240,8.656,249,"Iodent"
2012,"rainfed",245,9.267,253,"Other"
2012,"rainfed",245,11.44,226,"Stiff_Stalk"
2012,"rainfed",265,10.544,262,"Other"
2012,"rainfed",245,8.041,255,"Stiff_Stalk"
2012,"rainfed",240,10.281,259,"Lancaster"
2012,"rainfed",265,12.892,236,"Stiff_Stalk"
2012,"rainfed",270,8.426,220,"Other"
2012,"rainfed",255,11.955,270,"Stiff_Stalk"
2012,"rainfed",260,9.712,242,"Iodent"
2012,"rainfed",260,9.116,237,"Stiff_Stalk"
2012,"rainfed",260,10.763,245,"Stiff_Stalk"
2012,"rainfed",255,11.566,265,"Lancaster"
2012,"rainfed",250,10.689,293,"Stiff_Stalk"
2012,"rainfed",265,11.719,242,"Lancaster"
2012,"rainfed",245,8.667,222,"Other"
2012,"rainfed",245,9.451,262,"Lancaster"
2012,"rainfed",275,13.931,245,"Stiff_Stalk"
2012,"rainfed",245,7.239,217,"Other"
2012,"rainfed",275,9.938,223,"Other"
2012,"rainfed",275,10.396,214,"Other"
2012,"rainfed",265,10.717,217,"Other"
2012,"rainfed",235,6.93,239,"Other"
2012,"rainfed",285,13.832,262,"Stiff_Stalk"
2012,"rainfed",255,8.341,243,"Other"
2012,"rainfed",240,9.306,235,"Other"
2012,"rainfed",250,7.135,219,"Other"
2012,"rainfed",245,11.809,162,"Stiff_Stalk"
2012,"rainfed",270,11.752,280,"Stiff_Stalk"
2012,"rainfed",255,12.078,244,"Stiff_Stalk"
2012,"rainfed",250,11.074,237,"Iodent"
2012,"rainfed",265,9.406,215,"Other"
2012,"rainfed",240,10.293,220,"Stiff_Stalk"
2012,"rainfed",255,9.085,241,"Lancaster"
2012,"rainfed",250,10.736,291,"Other"
2012,"rainfed",250,8.42,213,"Other"
2012,"rainfed",250,8.671,209,"Other"
2012,"rainfed",240,11.127,260,"Other"
2012,"rainfed",270,11.074,227,"Stiff_Stalk"
2012,"rainfed",250,10.059,238,"Other"
2012,"rainfed",245,10.163,293,"Stiff_Stalk"
2012,"rainfed",245,12.856,205,"Lancaster"
2012,"rainfed",245,7.481,194,"Other"
2012,"rainfed",250,12.996,275,"Stiff_Stalk"
2012,"rainfed",240,11.794,239,"Lancaster"
2012,"rainfed",235,9.313,263,"Stiff_Stalk"
2012,"rainfed",230,7.312,234,"Other"
2012,"rainfed",260,14.326,244,"Stiff_Stalk"
2012,"rainfed",240,6.947,230,"Other"
2012,"rainfed",260,13.219,244,"Stiff_Stalk"
2012,"rainfed",235,8.528,241,"Other"
2012,"rainfed",255,12.728,293,"Lancaster"
2012,"rainfed",250,8.518,250,"Other"
2012,"rainfed",230,9.768,250,"Iodent"
2012,"rainfed",265,10.212,244,"Iodent"
2012,"rainfed",255,9.339,236,"Iodent"
2012,"rainfed",250,7.093,259,"Lancaster"
2012,"rainfed",255,10.163,226,"Other"
2012,"rainfed",245,11.719,255,"Lancaster"
2012,"rainfed",250,8.587,262,"Lancaster"
2012,"rainfed",210,10.015,250,"Stiff_Stalk"
2012,"rainfed",265,10.191,244,"Other"
2012,"rainfed",245,9.067,254,"Other"
2012,"rainfed",260,9.898,279,"Iodent"
2012,"rainfed",265,12.536,239,"Stiff_Stalk"
2012,"rainfed",240,7.518,257,"Stiff_Stalk"
2012,"rainfed",260,12.471,284,"Other"
2012,"rainfed",240,8.842,261,"Iodent"
2012,"rainfed",235,10.404,261,"Iodent"
2012,"rainfed",250,11.782,237,"Stiff_Stalk"
2012,"rainfed",240,8.99,257,"Lancaster"
2012,"rainfed",260,11.82,259,"Lancaster"
2012,"rainfed",245,8.375,263,"Other"
2012,"rainfed",265,10.598,240,"Other"
2012,"rainfed",250,9.789,212,"Other"
2012,"rainfed",275,8.838,228,"Other"
2012,"rainfed",240,8.494,269,"Iodent"
2012,"rainfed",250,10.951,282,"Iodent"
2012,"rainfed",225,7.138,241,"Other"
2012,"rainfed",245,12.195,265,"Lancaster"
2012,"rainfed",270,12.169,208,"Other"
2012,"rainfed",240,8.882,263,"Iodent"
2012,"rainfed",235,7.081,221,"Other"
2012,"rainfed",250,12.383,274,"Lancaster"
2012,"rainfed",245,8.752,253,"Other"
2012,"rainfed",260,13.535,248,"Other"
2012,"rainfed",240,11.641,252,"Lancaster"
2012,"rainfed",250,10.391,261,"Iodent"
2012,"rainfed",255,10.922,222,"Lancaster"
2012,"rainfed",235,11.121,206,"Other"
2012,"rainfed",250,10.458,278,"Stiff_Stalk"
2012,"rainfed",235,8.447,245,"Lancaster"
2012,"rainfed",235,12.634,242,"Iodent"
2012,"rainfed",235,7.586,234,"Other"
2012,"rainfed",230,9.129,243,"Other"
2012,"rainfed",230,9.109,243,"Iodent"
2012,"rainfed",245,12.448,248,"Lancaster"
2012,"rainfed",240,10.774,246,"Iodent"
2012,"rainfed",255,9.372,218,"Other"
2012,"rainfed",245,9.553,273,"Lancaster"
2012,"rainfed",235,9.289,234,"Other"
2012,"rainfed",245,9.454,255,"Stiff_Stalk"
2012,"rainfed",250,10.703,241,"Stiff_Stalk"
2012,"rainfed",250,7.657,294,"Stiff_Stalk"
2012,"rainfed",240,10.201,242,"Other"
2012,"rainfed",250,11.654,246,"Stiff_Stalk"
2012,"rainfed",225,7.186,241,"Other"
2012,"rainfed",240,8.604,232,"Other"
2012,"rainfed",260,11.303,232,"Lancaster"
2012,"rainfed",230,10.658,265,"Lancaster"
2012,"rainfed",230,9.453,258,"Stiff_Stalk"
2012,"rainfed",260,8.589,236,"Stiff_Stalk"
2012,"rainfed",240,10.184,279,"Iodent"
2012,"rainfed",250,12.816,227,"Stiff_Stalk"
2012,"rainfed",245,8.871,267,"Iodent"
2012,"rainfed",245,10.26,257,"Stiff_Stalk"
2012,"rainfed",250,10.561,256,"Lancaster"
2012,"rainfed",250,9.171,230,"Other"
2012,"rainfed",235,8.282,241,"Other"
2012,"rainfed",240,6.755,226,"Other"
2012,"rainfed",245,11.929,235,"Lancaster"
2012,"rainfed",255,11.839,208,"Lancaster"
2012,"rainfed",220,9.163,252,"Iodent"
2012,"rainfed",235,9.057,197,"Other"
2012,"rainfed",265,11.721,256,"Stiff_Stalk"
2012,"rainfed",240,10.659,225,"Lancaster"
2012,"rainfed",235,11.152,256,"Stiff_Stalk"
2012,"rainfed",235,12.919,268,"Stiff_Stalk"
2012,"rainfed",240,8.299,265,"Other"
2012,"rainfed",235,9.869,230,"Lancaster"
2012,"rainfed",245,9.982,278,"Stiff_Stalk"
2012,"rainfed",220,8.387,269,"Other"
2012,"rainfed",245,8.159,265,"Other"
2012,"rainfed",260,6.005,227,"Other"
2012,"rainfed",255,4.178,249,"Other"
2012,"rainfed",265,12.38,225,"Lancaster"
2012,"rainfed",225,9.104,284,"Other"
2012,"rainfed",250,9.584,250,"Iodent"
2012,"rainfed",240,11.85,264,"Iodent"
2012,"rainfed",230,8.682,285,"Iodent"
2012,"rainfed",240,7.812,228,"Other"
2012,"rainfed",235,9.907,241,"Other"
2012,"rainfed",250,10.196,261,"Other"
2012,"rainfed",255,11.489,275,"Iodent"
2012,"rainfed",265,10.518,278,"Iodent"
2012,"rainfed",250,11.625,261,"Lancaster"
2012,"rainfed",255,11.198,260,"Lancaster"
2012,"rainfed",275,8.209,260,"Other"
2012,"rainfed",255,8.876,238,"Other"
2012,"rainfed",225,8.493,240,"Other"
2012,"rainfed",250,12.181,235,"Stiff_Stalk"
2012,"rainfed",230,7.686,260,"Other"
2012,"rainfed",250,12.237,246,"Other"
2012,"rainfed",245,12.303,254,"Iodent"
2012,"rainfed",250,11.15,215,"Other"
2012,"rainfed",245,10.275,250,"Lancaster"
2012,"rainfed",245,10.813,245,"Other"
2012,"rainfed",250,9.703,262,"Stiff_Stalk"
2012,"rainfed",225,8.12,248,"Lancaster"
2012,"rainfed",250,13.841,239,"Stiff_Stalk"
2012,"rainfed",245,8.792,229,"Lancaster"
2012,"rainfed",250,9.668,253,"Other"
2012,"rainfed",240,10.629,255,"Other"
2012,"rainfed",240,8.489,263,"Stiff_Stalk"
2012,"rainfed",245,10.642,265,"Iodent"
2012,"rainfed",270,10.759,236,"Lancaster"
2012,"rainfed",270,8.092,215,"Other"
2012,"rainfed",245,10.718,272,"Stiff_Stalk"
2012,"rainfed",255,11.106,253,"Stiff_Stalk"
2012,"rainfed",230,9.352,228,"Stiff_Stalk"
2012,"rainfed",250,9.131,226,"Other"
2012,"rainfed",230,9.987,219,"Lancaster"
2012,"rainfed",245,11.34,260,"Lancaster"
2012,"rainfed",250,8.618,198,"Other"
2012,"rainfed",240,10.439,251,"Other"
2012,"rainfed",250,8.361,266,"Iodent"
2012,"rainfed",235,9.961,247,"Other"
2012,"rainfed",250,9.768,211,"Other"
2012,"rainfed",235,8.313,214,"Other"
2012,"rainfed",245,9.979,253,"Other"
2012,"rainfed",240,7.139,242,"Other"
2012,"rainfed",235,9.99,261,"Lancaster"
2012,"rainfed",250,9.686,229,"Lancaster"
2012,"rainfed",260,12.198,245,"Stiff_Stalk"
2012,"rainfed",260,7.576,230,"Other"
2012,"rainfed",245,9.377,267,"Other"
2012,"rainfed",250,8.616,206,"Other"
2012,"rainfed",245,11.721,248,"Iodent"
2012,"rainfed",235,10.149,215,"Other"
2012,"rainfed",230,11.987,236,"Lancaster"
2012,"rainfed",235,8.081,225,"Other"
2012,"rainfed",240,11.763,250,"Stiff_Stalk"
2012,"rainfed",245,10.492,256,"Lancaster"
2012,"rainfed",265,11.078,226,"Other"
2012,"rainfed",220,8.764,285,"Other"
2012,"rainfed",250,10.935,229,"Lancaster"
2012,"rainfed",260,8.6,245,"Other"
2012,"rainfed",245,11.657,181,"Other"
2012,"rainfed",225,10.006,246,"Iodent"
2012,"rainfed",260,10.986,249,"Stiff_Stalk"
2012,"rainfed",245,9.651,224,"Stiff_Stalk"
2012,"rainfed",270,11.707,252,"Stiff_Stalk"
2012,"rainfed",255,10.349,266,"Stiff_Stalk"
2012,"rainfed",260,10.81,274,"Stiff_Stalk"
2012,"rainfed",220,5.113,195,"Stiff_Stalk"
2012,"rainfed",250,11.107,249,"Stiff_Stalk"
2012,"rainfed",255,9.788,211,"Lancaster"
2012,"rainfed",240,10.979,242,"Iodent"
2012,"rainfed",240,9.276,243,"Iodent"
2012,"rainfed",240,9.892,274,"Lancaster"
2012,"rainfed",235,10.782,188,"Other"
2012,"rainfed",235,8.564,235,"Lancaster"
2012,"rainfed",245,8.947,221,"Other"
2012,"rainfed",240,11.934,270,"Iodent"
2012,"rainfed",230,10.698,252,"Other"
2012,"rainfed",235,10.606,250,"Other"
2012,"rainfed",230,10.475,249,"Other"
2012,"rainfed",245,10.237,262,"Iodent"
2012,"rainfed",240,11.294,235,"Stiff_Stalk"
2012,"rainfed",260,6.569,197,"Other"
2012,"rainfed",245,9.401,248,"Other"
2012,"rainfed",245,9.738,250,"Other"
2012,"rainfed",240,10.888,262,"Other"
2012,"rainfed",245,10.718,227,"Other"
2012,"rainfed",245,10.578,257,"Iodent"
2012,"rainfed",230,8.575,229,"Other"
2012,"rainfed",250,8.395,238,"Other"
2012,"rainfed",230,10.778,236,"Lancaster"
2012,"rainfed",260,8.772,259,"Iodent"
2012,"rainfed",250,12.048,231,"Stiff_Stalk"
2012,"rainfed",230,11.723,217,"Stiff_Stalk"
2012,"rainfed",250,10.983,253,"Iodent"
2012,"rainfed",260,9.234,221,"Other"
2012,"rainfed",245,7.768,201,"Other"
2012,"rainfed",255,4.98,205,"Other"
2012,"rainfed",250,7.943,222,"Stiff_Stalk"
2012,"rainfed",265,6.711,249,"Other"
2012,"rainfed",270,11.661,244,"Stiff_Stalk"
2012,"rainfed",245,8.965,232,"Stiff_Stalk"
2012,"rainfed",255,11.115,236,"Other"
2012,"rainfed",265,11.247,242,"Lancaster"
2012,"rainfed",245,9.908,241,"Other"
2012,"rainfed",250,10.191,251,"Lancaster"
2012,"rainfed",230,9.621,239,"Iodent"
2012,"rainfed",245,7.948,237,"Other"
2012,"rainfed",265,12.752,278,"Iodent"
2012,"rainfed",255,10.951,224,"Stiff_Stalk"
2012,"rainfed",240,8.788,224,"Other"
2012,"rainfed",235,10.966,224,"Stiff_Stalk"
2012,"rainfed",260,10.797,229,"Lancaster"
2012,"rainfed",230,10.975,258,"Iodent"
2012,"rainfed",220,8.696,200,"Other"
2012,"rainfed",225,11.073,247,"Iodent"
2012,"rainfed",250,11.371,260,"Stiff_Stalk"
2012,"rainfed",270,8.833,259,"Other"
2013,"rainfed",280,12.649,236,"Lancaster"
2013,"rainfed",285,12.011,273,"Iodent"
2013,"rainfed",260,6.502,249,"Other"
2013,"rainfed",275,7.919,233,"Other"
2013,"rainfed",275,10.435,218,"Other"
2013,"rainfed",235,9.741,289,"Iodent"
2013,"rainfed",245,7.828,238,"Other"
2013,"rainfed",250,9.055,257,"Iodent"
2013,"rainfed",270,9.322,238,"Other"
2013,"rainfed",265,8.453,284,"Iodent"
2013,"rainfed",255,10.187,241,"Other"
2013,"rainfed",255,10.002,256,"Stiff_Stalk"
2013,"rainfed",245,10.885,288,"Lancaster"
2013,"rainfed",270,8.764,263,"Iodent"
2013,"rainfed",270,7.335,227,"Other"
2013,"rainfed",265,11.047,263,"Iodent"
2013,"rainfed",290,10.23,262,"Lancaster"
2013,"rainfed",240,8.835,232,"Other"
2013,"rainfed",255,8.532,259,"Other"
2013,"rainfed",250,9.558,252,"Lancaster"
2013,"rainfed",250,8.424,285,"Stiff_Stalk"
2013,"rainfed",255,9.884,284,"Lancaster"
2013,"rainfed",240,8.926,267,"Stiff_Stalk"
2013,"rainfed",250,8.68,254,"Stiff_Stalk"
2013,"rainfed",270,11.443,267,"Iodent"
2013,"rainfed",290,11.687,253,"Other"
2013,"rainfed",260,9.9,256,"Lancaster"
2013,"rainfed",265,9.583,262,"Iodent"
2013,"rainfed",275,11.678,267,"Stiff_Stalk"
2013,"rainfed",260,6.591,255,"Other"
2013,"rainfed",280,8.856,237,"Stiff_Stalk"
2013,"rainfed",260,10.54,250,"Lancaster"
2013,"rainfed",265,10.405,238,"Lancaster"
2013,"rainfed",255,10.557,275,"Lancaster"
2013,"rainfed",280,10.945,293,"Iodent"
2013,"rainfed",285,10.589,243,"Lancaster"
2013,"rainfed",265,6.533,290,"Other"
2013,"rainfed",285,10.025,233,"Other"
2013,"rainfed",270,9.778,268,"Other"
2013,"rainfed",245,10.644,269,"Iodent"
2013,"rainfed",240,8.261,301,"Iodent"
2013,"rainfed",240,10.105,245,"Stiff_Stalk"
2013,"rainfed",260,10.065,270,"Iodent"
2013,"rainfed",240,10.39,234,"Other"
2013,"rainfed",235,8.539,258,"Iodent"
2013,"rainfed",235,7.576,261,"Stiff_Stalk"
2013,"rainfed",260,12.912,243,"Stiff_Stalk"
2013,"rainfed",230,10.386,253,"Lancaster"
2013,"rainfed",240,10.508,241,"Other"
2013,"rainfed",225,9.291,268,"Iodent"
2013,"rainfed",265,10.069,266,"Stiff_Stalk"
2013,"rainfed",295,7.935,262,"Other"
2013,"rainfed",290,11.762,227,"Lancaster"
2013,"rainfed",285,11.883,239,"Stiff_Stalk"
2013,"rainfed",275,10.775,255,"Lancaster"
2013,"rainfed",270,7.608,249,"Other"
2013,"rainfed",260,10.765,256,"Stiff_Stalk"
2013,"rainfed",265,5.257,249,"Other"
2013,"rainfed",285,11.378,230,"Lancaster"
2013,"rainfed",285,11.912,268,"Stiff_Stalk"
2013,"rainfed",270,8.26,212,"Other"
2013,"rainfed",275,9.769,246,"Stiff_Stalk"
2013,"rainfed",280,12.794,242,"Stiff_Stalk"
2013,"rainfed",290,10.625,250,"Iodent"
2013,"rainfed",275,8.437,216,"Other"
2013,"rainfed",270,5.655,260,"Other"
2013,"rainfed",250,5.474,204,"Other"
2013,"rainfed",275,10.548,256,"Other"
2013,"rainfed",260,9.841,285,"Stiff_Stalk"
2013,"rainfed",270,8.737,277,"Stiff_Stalk"
2013,"rainfed",285,12.177,255,"Stiff_Stalk"
2013,"rainfed",260,11.523,258,"Stiff_Stalk"
2013,"rainfed",255,7.125,286,"Other"
2013,"rainfed",270,9.698,301,"Iodent"
2013,"rainfed",265,9.879,252,"Lancaster"
2013,"rainfed",255,5.462,274,"Other"
2013,"rainfed",270,8.063,287,"Other"
2013,"rainfed",270,9.271,274,"Iodent"
2013,"rainfed",270,9.777,264,"Other"
2013,"rainfed",250,9.042,262,"Iodent"
2013,"rainfed",275,10.463,241,"Other"
2013,"rainfed",260,7.808,243,"Other"
2013,"rainfed",240,6.502,239,"Other"
2013,"rainfed",255,10.723,256,"Iodent"
2013,"rainfed",270,9.406,277,"Other"
2013,"rainfed",265,10.041,254,"Other"
2013,"rainfed",305,6.786,218,"Other"
2013,"rainfed",290,11.647,230,"Other"
2013,"rainfed",250,7.467,222,"Other"
2013,"rainfed",265,10.149,235,"Other"
2013,"rainfed",275,9.114,230,"Other"
2013,"rainfed",260,10.052,287,"Lancaster"
2013,"rainfed",265,8.715,259,"Stiff_Stalk"
2013,"rainfed",275,9.48,245,"Other"
2013,"rainfed",260,8.109,250,"Iodent"
2013,"rainfed",270,9.465,263,"Other"
2013,"rainfed",270,12.637,234,"Other"
2013,"rainfed",265,8.395,279,"Other"
2013,"rainfed",270,11.378,263,"Lancaster"
2013,"rainfed",245,10.642,263,"Lancaster"
2013,"rainfed",275,7.379,234,"Other"
2013,"rainfed",255,7.868,221,"Other"
2013,"rainfed",260,10.135,287,"Other"
2013,"rainfed",240,6.89,253,"Lancaster"
2013,"rainfed",290,9.646,237,"Other"
2013,"rainfed",245,5.621,248,"Other"
2013,"rainfed",245,9.085,242,"Stiff_Stalk"
2013,"rainfed",295,10.631,263,"Other"
2013,"rainfed",260,7.065,267,"Other"
2013,"rainfed",280,12.205,242,"Stiff_Stalk"
2013,"rainfed",235,7.558,272,"Lancaster"
2013,"rainfed",275,12.249,272,"Lancaster"
2013,"rainfed",270,11.446,268,"Lancaster"
2013,"rainfed",245,8.672,291,"Other"
2013,"rainfed",245,7.707,275,"Other"
2013,"rainfed",240,8.183,269,"Other"
2013,"rainfed",275,6.354,196,"Other"
2013,"rainfed",240,8.824,262,"Lancaster"
2013,"rainfed",260,8.491,255,"Lancaster"
2013,"rainfed",255,7.862,263,"Stiff_Stalk"
2013,"rainfed",280,12.173,269,"Stiff_Stalk"
2013,"rainfed",280,8.45,256,"Iodent"
2013,"rainfed",270,9.558,270,"Other"
2013,"rainfed",260,9.416,234,"Lancaster"
2013,"rainfed",260,8.707,244,"Other"
2013,"rainfed",255,12.66,240,"Stiff_Stalk"
2013,"rainfed",260,10.776,255,"Iodent"
2013,"rainfed",250,8.496,244,"Stiff_Stalk"
2013,"rainfed",240,7.954,246,"Other"
2013,"rainfed",265,12.56,253,"Stiff_Stalk"
2013,"rainfed",255,8.411,298,"Stiff_Stalk"
2013,"rainfed",265,9.786,274,"Iodent"
2013,"rainfed",265,8.651,285,"Other"
2013,"rainfed",250,9.548,271,"Iodent"
2013,"rainfed",235,6.413,248,"Other"
2013,"rainfed",275,10.954,242,"Other"
2013,"rainfed",275,11.177,267,"Other"
2013,"rainfed",240,7.826,287,"Other"
2013,"rainfed",240,8.088,277,"Other"
2013,"rainfed",250,5.679,265,"Other"
2013,"rainfed",260,10.911,275,"Stiff_Stalk"
2013,"rainfed",285,10.989,282,"Stiff_Stalk"
2013,"rainfed",245,6.694,246,"Other"
2013,"rainfed",255,9.563,249,"Other"
2013,"rainfed",255,8.607,268,"Iodent"
2013,"rainfed",235,7.201,235,"Stiff_Stalk"
2013,"rainfed",280,11.554,260,"Stiff_Stalk"
2013,"rainfed",275,7.923,261,"Other"
2013,"rainfed",260,13.041,263,"Lancaster"
2013,"rainfed",250,9.046,231,"Other"
2013,"rainfed",240,8.662,264,"Lancaster"
2013,"rainfed",260,7.812,256,"Other"
2013,"rainfed",260,8.509,231,"Other"
2013,"rainfed",265,9.399,238,"Other"
2013,"rainfed",235,9.999,238,"Stiff_Stalk"
2013,"rainfed",235,5.517,234,"Other"
2013,"rainfed",270,9.992,258,"Lancaster"
2013,"rainfed",250,8.182,258,"Iodent"
2013,"rainfed",260,9.332,244,"Other"
2013,"rainfed",280,12.251,261,"Stiff_Stalk"
2013,"rainfed",265,8.569,295,"Iodent"
2013,"rainfed",260,10.27,254,"Other"
2013,"rainfed",240,10.266,241,"Lancaster"
2013,"rainfed",255,7.993,246,"Other"
2013,"rainfed",240,9.385,258,"Stiff_Stalk"
2013,"rainfed",270,7.801,241,"Stiff_Stalk"
2013,"rainfed",250,8.063,263,"Other"
2013,"rainfed",260,12.707,255,"Iodent"
2013,"rainfed",275,7.565,246,"Other"
2013,"rainfed",260,11.298,276,"Other"
2013,"rainfed",250,5.818,231,"Other"
2013,"rainfed",260,9.084,236,"Other"
2013,"rainfed",270,9.47,233,"Other"
2013,"rainfed",265,9.569,263,"Other"
2013,"rainfed",260,9.742,246,"Lancaster"
2013,"rainfed",240,9.128,269,"Stiff_Stalk"
2013,"rainfed",275,10.17,269,"Stiff_Stalk"
2013,"rainfed",240,8.283,225,"Other"
2013,"rainfed",270,12.697,223,"Other"
2013,"rainfed",260,9.002,226,"Other"
2013,"rainfed",250,12.546,251,"Lancaster"
2013,"rainfed",240,8.926,284,"Iodent"
2013,"rainfed",235,9.053,273,"Other"
2013,"rainfed",240,11.079,236,"Stiff_Stalk"
2013,"rainfed",225,9.275,235,"Stiff_Stalk"
2013,"rainfed",265,11.57,243,"Lancaster"
2013,"rainfed",255,9.989,261,"Lancaster"
2013,"rainfed",295,10.706,265,"Lancaster"
2013,"rainfed",270,7.704,247,"Other"
2013,"rainfed",280,11.101,260,"Stiff_Stalk"
2013,"rainfed",270,10.2,240,"Other"
2013,"rainfed",265,7.589,232,"Other"
2013,"rainfed",255,8.717,263,"Stiff_Stalk"
2013,"rainfed",260,11.828,243,"Stiff_Stalk"
2013,"rainfed",280,12.207,224,"Lancaster"
2013,"rainfed",275,10.716,252,"Stiff_Stalk"
2013,"rainfed",250,10.014,215,"Stiff_Stalk"
2013,"rainfed",265,7.999,274,"Iodent"
2013,"rainfed",235,8.802,248,"Stiff_Stalk"
2013,"rainfed",230,8.563,234,"Stiff_Stalk"
2013,"rainfed",255,9.044,205,"Other"
2013,"rainfed",255,9.461,183,"Other"
2013,"rainfed",210,6.533,256,"Other"
2013,"rainfed",200,7.155,240,"Other"
2013,"rainfed",195,5.851,237,"Other"
2013,"rainfed",195,8.488,269,"Stiff_Stalk"
2013,"rainfed",210,10.628,220,"Stiff_Stalk"
2013,"rainfed",217,10.807,213,"Stiff_Stalk"
2013,"rainfed",220,10.56,217,"Iodent"
2013,"rainfed",240,10.766,244,"Stiff_Stalk"
2013,"rainfed",215,9.783,224,"Stiff_Stalk"
2013,"rainfed",225,10.774,248,"Iodent"
2013,"rainfed",220,8.333,237,"Other"
2013,"rainfed",245,12.565,238,"Stiff_Stalk"
2013,"rainfed",225,8.923,205,"Stiff_Stalk"
2013,"rainfed",255,10.517,273,"Iodent"
2013,"rainfed",265,11.741,223,"Lancaster"
2013,"rainfed",255,13.427,227,"Stiff_Stalk"
2013,"rainfed",240,7.799,259,"Stiff_Stalk"
2013,"rainfed",270,11.655,270,"Iodent"
2013,"rainfed",270,8.367,262,"Iodent"
2013,"rainfed",270,9.944,272,"Iodent"
2013,"rainfed",295,9.47,225,"Other"
2013,"rainfed",260,9.184,245,"Iodent"
2013,"rainfed",245,13.245,231,"Stiff_Stalk"
2013,"rainfed",255,5.93,250,"Other"
2013,"rainfed",275,10.85,235,"Stiff_Stalk"
2013,"rainfed",265,11.855,238,"Stiff_Stalk"
2013,"rainfed",275,7.138,206,"Other"
2013,"rainfed",260,9.275,264,"Stiff_Stalk"
2013,"rainfed",255,10.416,245,"Other"
2013,"rainfed",280,12.184,285,"Lancaster"
2013,"rainfed",250,9.268,256,"Lancaster"
2013,"rainfed",270,10.457,261,"Stiff_Stalk"
2013,"rainfed",215,7.668,259,"Other"
2013,"rainfed",270,11.938,245,"Stiff_Stalk"
2013,"rainfed",260,8.248,262,"Iodent"
2013,"rainfed",260,9.326,270,"Other"
2013,"rainfed",290,9.698,245,"Other"
2013,"rainfed",280,10.95,270,"Other"
2013,"rainfed",285,9.152,246,"Other"
2013,"rainfed",270,11.641,255,"Stiff_Stalk"
2013,"rainfed",280,9.164,258,"Other"
2013,"rainfed",275,7.842,264,"Other"
2013,"rainfed",290,7.801,223,"Other"
2013,"rainfed",250,8.833,276,"Other"
2013,"rainfed",245,10.46,290,"Stiff_Stalk"
2013,"rainfed",265,10.005,266,"Lancaster"
2013,"rainfed",255,9.394,277,"Stiff_Stalk"
2013,"rainfed",250,9.178,255,"Other"
2013,"rainfed",270,8.406,227,"Other"
2013,"rainfed",290,12.425,225,"Other"
2013,"rainfed",255,8.789,256,"Other"
2013,"rainfed",250,8.913,232,"Other"
2013,"rainfed",265,8.647,260,"Other"
2013,"rainfed",280,12.745,224,"Other"
2013,"rainfed",280,8.62,279,"Stiff_Stalk"
2013,"rainfed",285,11.806,249,"Lancaster"
2013,"rainfed",270,11.321,277,"Lancaster"
2013,"rainfed",275,9.741,259,"Lancaster"
2013,"rainfed",270,7.958,201,"Other"
2013,"rainfed",285,9.025,249,"Other"
2013,"rainfed",255,8.523,250,"Other"
2013,"rainfed",240,9.3,269,"Iodent"
2013,"rainfed",300,12.631,228,"Stiff_Stalk"
2013,"rainfed",250,10.377,276,"Iodent"
2013,"rainfed",225,7.236,297,"Other"
2013,"rainfed",265,10.793,242,"Stiff_Stalk"
2013,"rainfed",280,10.11,232,"Other"
2013,"rainfed",230,8.245,261,"Iodent"
2013,"rainfed",250,9.682,269,"Iodent"
2013,"rainfed",270,11.323,251,"Lancaster"
2013,"rainfed",260,10.529,251,"Lancaster"
2013,"rainfed",235,7.652,218,"Other"
2013,"rainfed",240,12.702,228,"Stiff_Stalk"
2013,"rainfed",220,6.964,257,"Other"
2013,"rainfed",255,11.655,235,"Stiff_Stalk"
2013,"rainfed",240,8.437,217,"Other"
2013,"rainfed",240,9.792,240,"Lancaster"
2013,"rainfed",225,8.477,253,"Iodent"
2013,"rainfed",215,9.878,238,"Other"
2013,"rainfed",235,10.773,232,"Stiff_Stalk"
2013,"rainfed",210,9.356,232,"Stiff_Stalk"
2013,"rainfed",200,9.006,243,"Lancaster"
2013,"rainfed",230,10.196,218,"Other"
2013,"rainfed",200,9.895,251,"Stiff_Stalk"
2013,"rainfed",200,8.128,252,"Iodent"
2013,"rainfed",225,13.378,248,"Stiff_Stalk"
2013,"rainfed",185,7.955,219,"Other"
2013,"rainfed",190,9.157,272,"Iodent"
2013,"rainfed",210,9.848,222,"Lancaster"
2013,"rainfed",170,8.495,255,"Other"
2013,"rainfed",170,8.503,255,"Other"
2013,"rainfed",200,7.884,250,"Lancaster"
2013,"rainfed",205,11.306,260,"Iodent"
2013,"rainfed",175,7.717,245,"Other"
2013,"rainfed",195,9.115,225,"Other"
2013,"rainfed",270,9.982,258,"Other"
2013,"rainfed",250,7.523,302,"Other"
2013,"rainfed",245,8.986,270,"Other"
2013,"rainfed",215,10.125,226,"Stiff_Stalk"
2013,"rainfed",260,12.446,256,"Stiff_Stalk"
2013,"rainfed",215,10.546,271,"Iodent"
2013,"rainfed",205,9.142,292,"Iodent"
2013,"rainfed",215,7.011,239,"Other"
2013,"rainfed",230,10.849,256,"Lancaster"
2013,"rainfed",230,10.483,245,"Stiff_Stalk"
2013,"rainfed",230,11.521,239,"Lancaster"
2013,"rainfed",215,12.308,247,"Iodent"
2013,"rainfed",205,11.585,248,"Lancaster"
2013,"rainfed",200,8.457,244,"Other"
2013,"rainfed",200,9.623,250,"Iodent"
2013,"rainfed",195,8.411,251,"Iodent"
2013,"rainfed",195,11.449,230,"Lancaster"
2013,"rainfed",190,8.676,249,"Lancaster"
2013,"rainfed",180,11.524,225,"Lancaster"
2013,"rainfed",195,10.613,202,"Other"
2013,"rainfed",225,8.85,219,"Other"
2013,"rainfed",195,8.744,245,"Other"
2013,"rainfed",215,8.529,238,"Iodent"
2013,"rainfed",110,11.64,229,"Stiff_Stalk"
2013,"rainfed",200,8.976,244,"Lancaster"
2013,"rainfed",205,8.584,254,"Other"
2013,"rainfed",260,11.263,224,"Lancaster"
2013,"rainfed",220,8.354,244,"Other"
2013,"rainfed",225,9.959,220,"Iodent"
2013,"rainfed",240,8.129,206,"Other"
2013,"rainfed",210,9.618,222,"Stiff_Stalk"
2013,"rainfed",220,9.683,243,"Iodent"
2013,"rainfed",245,10.565,212,"Stiff_Stalk"
2013,"rainfed",240,10.609,216,"Other"
2013,"rainfed",260,10.294,223,"Iodent"
2013,"rainfed",230,9.668,207,"Other"
2013,"rainfed",230,8.241,245,"Other"
2013,"rainfed",220,8.547,244,"Stiff_Stalk"
2013,"rainfed",260,11.622,261,"Other"
2013,"rainfed",260,11.085,231,"Iodent"
2013,"rainfed",250,10.92,214,"Other"
2013,"rainfed",215,7.886,228,"Other"
2013,"rainfed",230,10.597,229,"Stiff_Stalk"
2013,"rainfed",260,8.663,278,"Other"
2013,"rainfed",255,10.335,245,"Lancaster"
2013,"rainfed",250,8.809,249,"Other"
2013,"rainfed",265,9.896,240,"Other"
2013,"rainfed",265,12.1,248,"Lancaster"
2013,"rainfed",270,9.094,260,"Other"
2013,"rainfed",275,9.895,262,"Iodent"
2013,"rainfed",260,10.353,282,"Other"
2013,"rainfed",225,10.419,244,"Other"
2013,"rainfed",245,10.172,249,"Iodent"
2013,"rainfed",250,9.721,180,"Other"
2013,"rainfed",240,9.355,246,"Stiff_Stalk"
2013,"rainfed",230,8.843,248,"Stiff_Stalk"
2013,"rainfed",235,9.905,273,"Other"
2013,"rainfed",260,9.582,219,"Other"
2013,"rainfed",245,9.707,289,"Iodent"
2013,"rainfed",215,8.455,224,"Other"
2013,"rainfed",230,8.59,221,"Other"
2013,"rainfed",270,11.911,243,"Lancaster"
2013,"rainfed",230,10.757,243,"Iodent"
2013,"rainfed",205,9.409,271,"Iodent"
2013,"rainfed",225,11.613,241,"Iodent"
2013,"rainfed",200,9.84,222,"Stiff_Stalk"
2013,"rainfed",235,10.824,232,"Lancaster"
2013,"rainfed",210,8.821,240,"Other"
2013,"rainfed",195,9.08,267,"Other"
2013,"rainfed",195,7.054,210,"Other"
2013,"rainfed",195,13.228,236,"Stiff_Stalk"
2013,"rainfed",195,7.064,227,"Other"
2013,"rainfed",190,4.975,222,"Other"
2013,"rainfed",235,10.938,213,"Other"
2013,"rainfed",195,10.778,227,"Other"
2013,"rainfed",210,10.488,235,"Other"
2013,"rainfed",215,9.828,224,"Other"
2013,"rainfed",235,11.179,204,"Other"
2013,"rainfed",205,8.077,256,"Iodent"
2013,"rainfed",225,11.51,244,"Other"
2013,"rainfed",235,11.07,248,"Stiff_Stalk"
2013,"rainfed",225,11.853,259,"Lancaster"
2013,"rainfed",230,11.348,252,"Lancaster"
2013,"rainfed",210,10.365,259,"Lancaster"
2013,"rainfed",245,10.505,242,"Other"
2013,"rainfed",205,8.331,275,"Other"
2013,"rainfed",255,13.065,249,"Lancaster"
2013,"rainfed",260,8.811,212,"Other"
2013,"rainfed",230,10.243,282,"Iodent"
2013,"rainfed",265,10.977,236,"Other"
2013,"rainfed",255,9.842,251,"Lancaster"
2013,"rainfed",250,9.977,226,"Other"
2013,"rainfed",260,9.474,274,"Lancaster"
2013,"rainfed",255,8.885,264,"Stiff_Stalk"
2013,"rainfed",285,9.035,256,"Other"
2013,"rainfed",270,10.72,256,"Stiff_Stalk"
2013,"rainfed",270,14.49,252,"Lancaster"
2013,"rainfed",255,9.371,249,"Stiff_Stalk"
2013,"rainfed",240,9.158,240,"Other"
2013,"rainfed",265,10.37,269,"Iodent"
2013,"rainfed",255,7.358,294,"Other"
2013,"rainfed",275,11.875,266,"Iodent"
2013,"rainfed",240,9.591,272,"Iodent"
2013,"rainfed",280,10.263,261,"Stiff_Stalk"
2013,"rainfed",275,10.88,247,"Lancaster"
2013,"rainfed",270,9.336,263,"Iodent"
2013,"rainfed",275,8.538,213,"Other"
2013,"rainfed",270,11.549,255,"Other"
2013,"rainfed",255,8.822,256,"Other"
2013,"rainfed",260,10.402,234,"Other"
2013,"rainfed",280,10.587,246,"Stiff_Stalk"
2013,"rainfed",265,10.607,291,"Stiff_Stalk"
2013,"rainfed",275,6.819,267,"Other"
2013,"rainfed",245,10.877,283,"Lancaster"
2013,"rainfed",255,4.843,279,"Other"
2013,"rainfed",270,11.961,266,"Stiff_Stalk"
2013,"rainfed",265,9.777,252,"Lancaster"
2013,"rainfed",295,11.475,275,"Other"
2013,"rainfed",285,11.366,244,"Stiff_Stalk"
2013,"rainfed",245,8.942,252,"Other"
2013,"rainfed",255,11.693,271,"Iodent"
2013,"rainfed",270,9.948,207,"Other"
2013,"rainfed",240,9.91,249,"Stiff_Stalk"
2013,"rainfed",240,7.746,241,"Lancaster"
2013,"rainfed",275,13.843,233,"Lancaster"
2013,"rainfed",260,12.261,277,"Lancaster"
2013,"rainfed",240,10.651,249,"Iodent"
2013,"rainfed",230,11.182,258,"Other"
2013,"rainfed",245,13.262,271,"Iodent"
2013,"rainfed",250,8.059,279,"Other"
2013,"rainfed",225,8.766,263,"Other"
2013,"rainfed",220,9.796,268,"Stiff_Stalk"
2013,"rainfed",235,10.187,277,"Other"
2013,"rainfed",215,7.516,250,"Other"
2013,"rainfed",270,13.741,234,"Stiff_Stalk"
2013,"rainfed",245,9.897,250,"Stiff_Stalk"
2013,"rainfed",260,10.281,277,"Iodent"
2013,"rainfed",260,8.6,270,"Iodent"
2013,"rainfed",230,10.961,255,"Stiff_Stalk"
2013,"rainfed",225,9.994,223,"Other"
2013,"rainfed",220,8.908,260,"Other"
2013,"rainfed",250,11.508,299,"Iodent"
2013,"rainfed",220,11.133,284,"Iodent"
2013,"rainfed",230,9.717,239,"Iodent"
2013,"rainfed",235,12.291,222,"Stiff_Stalk"
2013,"rainfed",205,9.906,256,"Lancaster"
2013,"rainfed",220,9.338,278,"Other"
2013,"rainfed",225,10.207,237,"Lancaster"
2013,"rainfed",230,11.555,244,"Iodent"
2013,"rainfed",220,9.614,231,"Stiff_Stalk"
2013,"rainfed",230,11.6,225,"Stiff_Stalk"
2013,"rainfed",240,9.553,216,"Other"
2013,"rainfed",225,7.417,219,"Other"
2013,"rainfed",245,11.581,238,"Other"
2013,"rainfed",225,10.039,286,"Lancaster"
2013,"rainfed",230,9.239,256,"Other"
2013,"rainfed",245,10.236,251,"Lancaster"
2013,"rainfed",255,10.632,260,"Lancaster"
2013,"rainfed",265,13.315,239,"Lancaster"
2013,"rainfed",270,9.602,262,"Other"
2013,"rainfed",275,7.397,239,"Other"
2013,"rainfed",240,9.39,288,"Stiff_Stalk"
2013,"rainfed",220,11.035,268,"Iodent"
2013,"rainfed",265,11.697,266,"Lancaster"
2013,"rainfed",265,9.149,289,"Other"
2013,"rainfed",260,8.725,315,"Stiff_Stalk"
2013,"rainfed",280,11.964,253,"Stiff_Stalk"
2013,"rainfed",285,11.053,240,"Other"
2013,"rainfed",270,8.478,235,"Other"
2013,"rainfed",235,7.686,220,"Other"
2013,"rainfed",275,12.189,265,"Lancaster"
2013,"rainfed",250,5.303,243,"Other"
2013,"rainfed",250,10.31,283,"Iodent"
2013,"rainfed",255,10.167,288,"Stiff_Stalk"
2013,"rainfed",280,10.363,291,"Iodent"
2013,"rainfed",265,11.688,295,"Iodent"
2013,"rainfed",265,10.595,274,"Stiff_Stalk"
2013,"rainfed",255,11.109,273,"Lancaster"
2013,"rainfed",250,6.986,233,"Other"
2013,"rainfed",290,12.143,284,"Lancaster"
2013,"rainfed",245,4.985,226,"Other"
2013,"rainfed",280,13.297,232,"Other"
2013,"rainfed",271,9.751,258,"Stiff_Stalk"
2013,"rainfed",255,7.283,258,"Other"
2013,"rainfed",260,6.679,280,"Other"
2013,"rainfed",255,9.439,251,"Other"
2013,"rainfed",270,10.636,279,"Lancaster"
2013,"rainfed",270,11.698,241,"Iodent"
2013,"rainfed",270,10.096,250,"Iodent"
2013,"rainfed",285,10.208,249,"Other"
2013,"rainfed",290,7.561,242,"Other"
2013,"rainfed",285,10.865,239,"Other"
2013,"rainfed",275,9.838,287,"Stiff_Stalk"
2013,"rainfed",255,8.702,265,"Stiff_Stalk"
2013,"rainfed",275,12.127,248,"Stiff_Stalk"
2013,"rainfed",255,9.452,246,"Lancaster"
2013,"rainfed",295,9.764,258,"Other"
2013,"rainfed",285,12.976,249,"Stiff_Stalk"
2013,"rainfed",265,7.676,295,"Iodent"
2013,"rainfed",265,13.682,274,"Lancaster"
2013,"rainfed",260,7.712,289,"Other"
2013,"rainfed",280,13.441,239,"Stiff_Stalk"
2013,"rainfed",290,6.833,261,"Other"
2013,"rainfed",275,10.626,275,"Stiff_Stalk"
2013,"rainfed",245,8.817,305,"Iodent"
2013,"rainfed",260,12.98,265,"Lancaster"
2013,"rainfed",260,8.497,262,"Other"
2013,"rainfed",250,8.907,255,"Stiff_Stalk"
2013,"rainfed",265,8.039,230,"Other"
2013,"rainfed",270,9.475,243,"Other"
2013,"rainfed",270,11.869,259,"Stiff_Stalk"
2013,"rainfed",265,9.169,285,"Other"
2013,"rainfed",250,10.128,295,"Iodent"
2013,"rainfed",275,13.17,296,"Lancaster"
2013,"rainfed",275,8.595,242,"Other"
2013,"rainfed",300,10.661,249,"Stiff_Stalk"
2013,"rainfed",275,11.585,246,"Stiff_Stalk"
2013,"rainfed",245,7.258,240,"Other"
2013,"rainfed",270,9.905,269,"Other"
2013,"rainfed",265,9.192,242,"Other"
2013,"rainfed",265,10.8,272,"Iodent"
2013,"rainfed",255,7.703,297,"Other"
2013,"rainfed",255,12.948,255,"Other"
2013,"rainfed",245,8.854,262,"Other"
2013,"rainfed",260,9.037,284,"Lancaster"
2013,"rainfed",285,9.418,256,"Lancaster"
2013,"rainfed",290,12.364,260,"Iodent"
2013,"rainfed",300,12.515,278,"Lancaster"
2013,"rainfed",265,9.899,257,"Other"
2013,"rainfed",255,10.679,257,"Lancaster"
2013,"rainfed",250,8.939,284,"Other"
2013,"rainfed",270,10.79,248,"Other"
2013,"rainfed",260,6.134,295,"Other"
2013,"rainfed",275,9.078,281,"Other"
2013,"rainfed",250,7.511,267,"Other"
2013,"rainfed",245,9.799,275,"Other"
2013,"rainfed",265,10.211,291,"Iodent"
2013,"rainfed",290,7.769,265,"Lancaster"
2013,"rainfed",260,9.761,263,"Iodent"
2013,"rainfed",270,12.759,229,"Other"
2013,"rainfed",295,11.928,245,"Lancaster"
2013,"rainfed",265,11.58,259,"Stiff_Stalk"
2013,"rainfed",255,10.952,258,"Lancaster"
2013,"rainfed",245,10.764,259,"Lancaster"
2013,"rainfed",245,7.532,236,"Other"
2013,"rainfed",268,12.519,265,"Stiff_Stalk"
2013,"rainfed",270,10.739,247,"Other"
2013,"rainfed",235,6.093,240,"Other"
2013,"rainfed",240,9.115,243,"Stiff_Stalk"
2013,"rainfed",290,15.179,288,"Stiff_Stalk"
2013,"rainfed",260,8.884,275,"Other"
2013,"rainfed",255,8.568,259,"Other"
2013,"rainfed",250,11.807,260,"Stiff_Stalk"
2013,"rainfed",260,10.728,221,"Other"
2013,"rainfed",270,10.813,268,"Iodent"
2013,"rainfed",270,8.348,275,"Other"
2013,"rainfed",255,10.672,247,"Iodent"
2013,"rainfed",280,12.265,245,"Lancaster"
2013,"rainfed",250,8.536,272,"Stiff_Stalk"
2013,"rainfed",285,10.1,239,"Lancaster"
2013,"rainfed",275,11.214,278,"Iodent"
2013,"rainfed",290,11.83,275,"Stiff_Stalk"
2013,"rainfed",325,12.045,249,"Stiff_Stalk"
2013,"rainfed",270,9.81,224,"Other"
2013,"rainfed",270,7.422,239,"Other"
2013,"rainfed",275,8.703,300,"Iodent"
2013,"rainfed",290,10.992,258,"Lancaster"
2013,"rainfed",315,10.417,234,"Stiff_Stalk"
2013,"rainfed",255,9.174,244,"Other"
2013,"rainfed",255,9.341,288,"Other"
2013,"rainfed",265,7.794,274,"Other"
2013,"rainfed",260,12.089,273,"Stiff_Stalk"
2013,"rainfed",250,7.489,260,"Iodent"
2013,"rainfed",285,13.674,232,"Lancaster"
2013,"rainfed",270,9.9,284,"Iodent"
2013,"rainfed",260,10.086,291,"Iodent"
2013,"rainfed",265,9.887,260,"Stiff_Stalk"
2013,"rainfed",260,8.243,260,"Stiff_Stalk"
2013,"rainfed",280,9.065,239,"Other"
2013,"rainfed",285,10.588,221,"Other"
2013,"rainfed",255,6.695,256,"Other"
2013,"rainfed",280,10.226,241,"Other"
2013,"rainfed",270,10.398,295,"Iodent"
2013,"rainfed",250,10.333,284,"Iodent"
2013,"rainfed",275,10.764,248,"Stiff_Stalk"
2013,"rainfed",275,9.847,248,"Iodent"
2013,"rainfed",270,10.538,278,"Lancaster"
2013,"rainfed",270,10.084,285,"Other"
2013,"rainfed",265,11.353,273,"Stiff_Stalk"
2013,"rainfed",280,10.412,244,"Other"
2013,"rainfed",270,11.698,275,"Lancaster"
2013,"rainfed",250,9.568,279,"Stiff_Stalk"
2013,"rainfed",265,8.384,269,"Iodent"
2013,"rainfed",285,12.158,281,"Other"
2013,"rainfed",250,7.988,261,"Stiff_Stalk"
2013,"rainfed",275,11.727,263,"Iodent"
2013,"rainfed",270,10.614,275,"Other"
2013,"rainfed",240,10.146,256,"Stiff_Stalk"
2013,"rainfed",235,8.658,246,"Other"
2013,"rainfed",275,10.14,265,"Lancaster"
2013,"rainfed",260,11.868,252,"Iodent"
2013,"rainfed",250,9.714,300,"Other"
2013,"rainfed",250,7.425,215,"Other"
2013,"rainfed",265,7.877,278,"Stiff_Stalk"
2013,"rainfed",270,11.612,260,"Other"
2013,"rainfed",285,9.296,227,"Other"
2013,"rainfed",295,10.148,236,"Other"
2013,"rainfed",270,11.349,282,"Iodent"
2013,"rainfed",265,12.727,227,"Lancaster"
2013,"rainfed",255,8.581,235,"Other"
2013,"rainfed",290,14.004,237,"Other"
2013,"rainfed",265,6.046,273,"Other"
2013,"rainfed",240,6.097,249,"Other"
2013,"rainfed",285,11.936,256,"Lancaster"
2013,"rainfed",255,10.827,271,"Iodent"
2013,"rainfed",270,11.35,255,"Lancaster"
2013,"rainfed",270,13.516,229,"Other"
2013,"rainfed",250,9.274,248,"Other"
2013,"rainfed",260,11.759,253,"Iodent"
2013,"rainfed",265,11.124,259,"Iodent"
2013,"rainfed",225,8.688,261,"Other"
2013,"rainfed",260,12.072,235,"Stiff_Stalk"
2013,"rainfed",280,10.961,227,"Other"
2013,"rainfed",260,9.029,228,"Other"
2013,"rainfed",275,14.481,250,"Stiff_Stalk"
2013,"rainfed",250,9.242,246,"Stiff_Stalk"
2013,"rainfed",245,11.391,272,"Lancaster"
2013,"rainfed",265,6.818,276,"Other"
2013,"rainfed",265,8.561,269,"Other"
2013,"rainfed",225,10,247,"Stiff_Stalk"
2013,"rainfed",265,13.998,288,"Iodent"
2013,"rainfed",230,8.211,239,"Stiff_Stalk"
2013,"rainfed",260,13.708,274,"Lancaster"
2013,"rainfed",235,7.531,261,"Other"
2013,"rainfed",260,11.988,246,"Stiff_Stalk"
2013,"rainfed",255,9.86,252,"Iodent"
2013,"rainfed",290,13.09,228,"Lancaster"
2013,"rainfed",295,7.935,216,"Other"
2013,"rainfed",240,9.136,271,"Other"
2013,"rainfed",260,10.779,270,"Iodent"
2013,"rainfed",245,10.174,252,"Other"
2013,"rainfed",180,13.214,232,"Stiff_Stalk"
2013,"rainfed",280,9.793,273,"Other"
2013,"rainfed",290,10.352,281,"Lancaster"
2013,"rainfed",285,10.905,264,"Lancaster"
2013,"rainfed",270,10.458,247,"Stiff_Stalk"
2013,"rainfed",275,8.913,271,"Other"
2013,"rainfed",265,11.306,253,"Iodent"
2013,"rainfed",280,9.338,243,"Other"
2013,"rainfed",270,13.001,245,"Stiff_Stalk"
2013,"rainfed",235,8.389,255,"Lancaster"
2013,"rainfed",225,8.21,248,"Other"
2013,"rainfed",250,11.579,224,"Other"
2013,"rainfed",265,11.624,247,"Other"
2013,"rainfed",270,11.202,242,"Stiff_Stalk"
2013,"rainfed",260,11.397,292,"Stiff_Stalk"
2013,"rainfed",250,4.762,267,"Other"
2013,"rainfed",275,12.97,274,"Lancaster"
2013,"rainfed",290,11.203,251,"Stiff_Stalk"
2013,"rainfed",275,11.499,254,"Iodent"
2013,"rainfed",270,11.463,285,"Lancaster"
2013,"rainfed",280,12.411,294,"Lancaster"
2013,"rainfed",265,9.646,280,"Iodent"
2013,"rainfed",220,7.939,262,"Stiff_Stalk"
2013,"rainfed",270,12.819,250,"Other"
2013,"rainfed",275,9.845,239,"Other"
2013,"rainfed",255,7.376,237,"Other"
2013,"rainfed",260,12.823,259,"Lancaster"
2013,"rainfed",280,11.389,282,"Lancaster"
2013,"rainfed",280,12.26,254,"Stiff_Stalk"
2013,"rainfed",275,11.409,259,"Stiff_Stalk"
2013,"rainfed",270,9.948,257,"Iodent"
2013,"rainfed",295,13.905,257,"Stiff_Stalk"
2013,"rainfed",275,12.749,255,"Stiff_Stalk"
2013,"rainfed",255,11.562,240,"Other"
2013,"rainfed",280,10.61,240,"Other"
2013,"rainfed",260,10.219,240,"Lancaster"
2013,"rainfed",245,9.365,210,"Other"
2013,"rainfed",255,10.516,242,"Other"
2013,"rainfed",255,12.682,283,"Stiff_Stalk"
2013,"rainfed",260,10.192,248,"Lancaster"
2013,"rainfed",245,10.091,261,"Other"
2013,"rainfed",245,8.965,249,"Other"
2013,"rainfed",240,8.718,244,"Other"
2013,"rainfed",255,10.71,191,"Other"
2013,"rainfed",250,9.656,262,"Stiff_Stalk"
2013,"rainfed",280,13.466,251,"Lancaster"
2013,"rainfed",255,9.808,238,"Other"
2013,"rainfed",275,11.021,268,"Stiff_Stalk"
2013,"rainfed",290,9.87,249,"Other"
2013,"rainfed",265,8.919,284,"Other"
2013,"rainfed",270,10.565,252,"Lancaster"
2013,"rainfed",280,10.015,276,"Iodent"
2013,"rainfed",235,9.155,286,"Lancaster"
2013,"rainfed",270,8.375,285,"Other"
2013,"rainfed",265,10.185,259,"Other"
2013,"rainfed",250,8.367,260,"Other"
2013,"rainfed",285,11.659,249,"Stiff_Stalk"
2013,"rainfed",255,8.863,274,"Other"
2013,"rainfed",240,11.471,282,"Lancaster"
2013,"rainfed",250,8.248,247,"Other"
2013,"rainfed",275,11.637,226,"Other"
2013,"rainfed",235,9.884,266,"Other"
2013,"watered",235,8.749,249,"Stiff_Stalk"
2013,"watered",240,9.216,230,"Other"
2013,"watered",250,6.385,232,"Other"
2013,"watered",265,11.002,260,"Lancaster"
2013,"watered",260,7.587,303,"Iodent"
2013,"watered",250,8.383,239,"Other"
2013,"watered",225,3.935,257,"Other"
2013,"watered",225,7.985,279,"Iodent"
2013,"watered",220,7.726,233,"Other"
2013,"watered",215,5.815,282,"Lancaster"
2013,"watered",255,5.868,260,"Stiff_Stalk"
2013,"watered",210,6.176,244,"Stiff_Stalk"
2013,"watered",220,5.284,222,"Other"
2013,"watered",215,8.581,233,"Stiff_Stalk"
2013,"watered",235,7.059,238,"Other"
2013,"watered",220,6.324,244,"Other"
2013,"watered",205,8.364,217,"Other"
2013,"watered",180,4.182,265,"Iodent"
2013,"watered",260,10.256,262,"Stiff_Stalk"
2013,"watered",250,6.353,279,"Other"
2013,"watered",265,8.512,265,"Other"
2013,"watered",250,6.793,272,"Stiff_Stalk"
2013,"watered",240,8.096,253,"Other"
2013,"watered",275,9.706,261,"Other"
2013,"watered",240,5.247,256,"Other"
2013,"watered",230,6.235,265,"Iodent"
2013,"watered",260,8.408,262,"Other"
2013,"watered",275,11.714,271,"Stiff_Stalk"
2013,"watered",255,8.404,260,"Other"
2013,"watered",240,8.063,259,"Lancaster"
2013,"watered",260,9.137,274,"Iodent"
2013,"watered",245,7.468,255,"Other"
2013,"watered",225,7.869,282,"Other"
2013,"watered",230,6.482,288,"Lancaster"
2013,"watered",240,7.912,264,"Lancaster"
2013,"watered",245,9.345,249,"Other"
2013,"watered",240,7.822,311,"Stiff_Stalk"
2013,"watered",260,13.09,251,"Stiff_Stalk"
2013,"watered",235,4.893,239,"Other"
2013,"watered",260,8.507,264,"Lancaster"
2013,"watered",250,7.552,242,"Other"
2013,"watered",255,7.577,221,"Other"
2013,"watered",260,9.744,259,"Stiff_Stalk"
2013,"watered",235,8.073,263,"Lancaster"
2013,"watered",255,7.391,245,"Stiff_Stalk"
2013,"watered",235,8.248,219,"Lancaster"
2013,"watered",230,4.721,229,"Other"
2013,"watered",285,9.81,261,"Other"
2013,"watered",255,4.083,175,"Other"
2013,"watered",245,9.249,260,"Other"
2013,"watered",240,10.365,255,"Lancaster"
2013,"watered",270,10.198,257,"Lancaster"
2013,"watered",225,5.737,258,"Other"
2013,"watered",230,5.512,273,"Other"
2013,"watered",275,9.15,256,"Lancaster"
2013,"watered",250,11.316,262,"Lancaster"
2013,"watered",230,8.682,253,"Other"
2013,"watered",250,7.229,270,"Other"
2013,"watered",245,9.578,284,"Iodent"
2013,"watered",255,11.328,291,"Lancaster"
2013,"watered",240,9.333,253,"Other"
2013,"watered",230,10.089,271,"Iodent"
2013,"watered",245,9.359,294,"Lancaster"
2013,"watered",235,6.331,251,"Other"
2013,"watered",255,8.6,286,"Stiff_Stalk"
2013,"watered",275,9.335,240,"Other"
2013,"watered",250,7.661,226,"Other"
2013,"watered",220,5.518,255,"Other"
2013,"watered",220,7.385,266,"Iodent"
2013,"watered",225,9.269,201,"Other"
2013,"watered",250,6.988,252,"Other"
2013,"watered",245,10.914,265,"Lancaster"
2013,"watered",275,9.798,251,"Lancaster"
2013,"watered",220,8.286,268,"Other"
2013,"watered",190,5.05,259,"Stiff_Stalk"
2013,"watered",215,6.839,244,"Iodent"
2013,"watered",215,7.671,255,"Other"
2013,"watered",230,9.583,242,"Lancaster"
2013,"watered",195,5.526,243,"Stiff_Stalk"
2013,"watered",220,7.318,277,"Stiff_Stalk"
2013,"watered",200,8.234,223,"Stiff_Stalk"
2013,"watered",215,6.733,244,"Lancaster"
2013,"watered",230,9.098,263,"Lancaster"
2013,"watered",230,7.484,288,"Other"
2013,"watered",212,7.719,280,"Other"
2013,"watered",235,7.824,271,"Iodent"
2013,"watered",245,10.467,283,"Stiff_Stalk"
2013,"watered",240,7.825,270,"Lancaster"
2013,"watered",220,5.44,280,"Other"
2013,"watered",240,9.314,238,"Other"
2013,"watered",245,8.028,238,"Other"
2013,"watered",275,8.557,262,"Other"
2013,"watered",270,11.025,270,"Stiff_Stalk"
2013,"watered",245,5.51,261,"Iodent"
2013,"watered",270,9.396,250,"Stiff_Stalk"
2013,"watered",295,11.631,254,"Stiff_Stalk"
2013,"watered",255,7.71,235,"Other"
2013,"watered",230,10.442,246,"Other"
2013,"watered",210,8.584,285,"Lancaster"
2013,"watered",245,6.909,259,"Other"
2013,"watered",260,8.127,279,"Stiff_Stalk"
2013,"watered",185,6.153,233,"Lancaster"
2013,"watered",200,7.316,234,"Lancaster"
2013,"watered",210,8.649,258,"Iodent"
2013,"watered",225,10.757,260,"Stiff_Stalk"
2013,"watered",220,6.883,255,"Stiff_Stalk"
2013,"watered",195,7.81,237,"Other"
2013,"watered",205,5.824,219,"Other"
2013,"watered",225,5.982,243,"Iodent"
2013,"watered",185,4.934,266,"Other"
2013,"watered",240,7.873,252,"Iodent"
2013,"watered",235,8.607,226,"Lancaster"
2013,"watered",250,6.9,250,"Other"
2013,"watered",250,8.759,283,"Iodent"
2013,"watered",220,10.774,256,"Iodent"
2013,"watered",235,10.422,277,"Lancaster"
2013,"watered",255,11.776,234,"Lancaster"
2013,"watered",260,7.641,257,"Iodent"
2013,"watered",260,8.541,266,"Other"
2013,"watered",250,7.16,245,"Stiff_Stalk"
2013,"watered",255,9.179,243,"Iodent"
2013,"watered",265,9.065,248,"Stiff_Stalk"
2013,"watered",240,8.22,260,"Iodent"
2013,"watered",250,10.993,230,"Stiff_Stalk"
2013,"watered",235,6.695,276,"Other"
2013,"watered",250,6.037,253,"Other"
2013,"watered",240,9.097,291,"Iodent"
2013,"watered",205,7.707,228,"Stiff_Stalk"
2013,"watered",210,6.18,230,"Stiff_Stalk"
2013,"watered",210,4.393,224,"Other"
2013,"watered",210,7.091,255,"Iodent"
2013,"watered",240,6.856,248,"Lancaster"
2013,"watered",230,6.138,224,"Other"
2013,"watered",210,7.535,295,"Lancaster"
2013,"watered",225,9.381,270,"Stiff_Stalk"
2013,"watered",225,8.203,235,"Other"
2013,"watered",210,5.152,205,"Other"
2013,"watered",235,10.972,272,"Iodent"
2013,"watered",250,8.739,254,"Iodent"
2013,"watered",235,7.771,228,"Other"
2013,"watered",250,8.024,239,"Other"
2013,"watered",225,5.882,235,"Iodent"
2013,"watered",240,7.828,246,"Other"
2013,"watered",240,7.451,269,"Lancaster"
2013,"watered",265,10.946,243,"Lancaster"
2013,"watered",250,7.958,239,"Other"
2013,"watered",220,8.456,267,"Stiff_Stalk"
2013,"watered",165,5.723,239,"Stiff_Stalk"
2013,"watered",165,6.833,232,"Lancaster"
2013,"watered",195,6.918,244,"Other"
2013,"watered",180,6.413,224,"Stiff_Stalk"
2013,"watered",210,7.088,253,"Iodent"
2013,"watered",185,5.165,232,"Other"
2013,"watered",195,6.509,257,"Stiff_Stalk"
2013,"watered",215,5.855,240,"Stiff_Stalk"
2013,"watered",210,7.13,232,"Stiff_Stalk"
2013,"watered",210,6.468,280,"Stiff_Stalk"
2013,"watered",215,6.743,266,"Iodent"
2013,"watered",235,7.853,261,"Lancaster"
2013,"watered",235,7.734,264,"Lancaster"
2013,"watered",240,10.804,270,"Lancaster"
2013,"watered",260,9.466,263,"Other"
2013,"watered",245,9.101,254,"Stiff_Stalk"
2013,"watered",245,7.123,284,"Iodent"
2013,"watered",280,7.492,229,"Other"
2013,"watered",240,7.487,259,"Stiff_Stalk"
2013,"watered",245,9.098,266,"Other"
2013,"watered",250,10.663,249,"Stiff_Stalk"
2013,"watered",260,7.902,295,"Iodent"
2013,"watered",235,9.223,239,"Other"
2013,"watered",250,9.175,266,"Lancaster"
2013,"watered",245,9.079,273,"Iodent"
2013,"watered",180,6.405,254,"Other"
2013,"watered",235,10.283,247,"Stiff_Stalk"
2013,"watered",200,6.657,274,"Other"
2013,"watered",195,6.733,259,"Other"
2013,"watered",210,9.338,226,"Other"
2013,"watered",180,7.196,226,"Other"
2013,"watered",175,7.366,207,"Other"
2013,"watered",205,8.669,238,"Stiff_Stalk"
2013,"watered",190,5.876,206,"Other"
2013,"watered",185,8.677,245,"Iodent"
2013,"watered",175,7.791,206,"Stiff_Stalk"
2013,"watered",200,8.037,258,"Stiff_Stalk"
2013,"watered",185,5.588,209,"Other"
2013,"watered",210,8.985,270,"Stiff_Stalk"
2013,"watered",210,7.411,238,"Iodent"
2013,"watered",230,7.642,270,"Other"
2013,"watered",215,5.743,258,"Other"
2013,"watered",230,5.002,247,"Lancaster"
2013,"watered",235,9.133,244,"Lancaster"
2013,"watered",235,7.316,260,"Iodent"
2013,"watered",225,7.744,280,"Iodent"
2013,"watered",245,11.686,247,"Lancaster"
2013,"watered",215,10.013,240,"Stiff_Stalk"
2013,"watered",240,9.175,266,"Lancaster"
2013,"watered",240,9.134,245,"Stiff_Stalk"
2013,"watered",265,8.839,221,"Other"
2013,"watered",255,8.605,287,"Iodent"
2013,"watered",250,8.922,290,"Iodent"
2013,"watered",225,6.965,236,"Stiff_Stalk"
2013,"watered",210,8.236,234,"Other"
2013,"watered",240,7.553,231,"Stiff_Stalk"
2013,"watered",215,8.076,263,"Iodent"
2013,"watered",220,7.654,223,"Other"
2013,"watered",210,7.329,238,"Stiff_Stalk"
2013,"watered",210,6.344,249,"Stiff_Stalk"
2013,"watered",230,9.148,258,"Stiff_Stalk"
2013,"watered",230,9.719,214,"Other"
2013,"watered",235,7.955,231,"Other"
2013,"watered",235,9.337,250,"Lancaster"
2013,"watered",210,8.097,277,"Other"
2013,"watered",240,7.013,217,"Other"
2013,"watered",250,9.391,278,"Iodent"
2013,"watered",220,5.556,238,"Other"
2013,"watered",260,8.99,253,"Other"
2013,"watered",255,5.434,250,"Other"
2013,"watered",250,10.471,243,"Stiff_Stalk"
2013,"watered",250,9.849,234,"Lancaster"
2013,"watered",245,9.189,255,"Stiff_Stalk"
2013,"watered",250,7.361,260,"Other"
2013,"watered",235,4.092,237,"Other"
2013,"watered",245,12.033,244,"Stiff_Stalk"
2013,"watered",225,6.563,254,"Lancaster"
2013,"watered",265,7.832,222,"Other"
2013,"watered",270,8.616,272,"Iodent"
2013,"watered",255,6.288,232,"Other"
2013,"watered",255,9.868,246,"Other"
2013,"watered",250,8.819,249,"Lancaster"
2013,"watered",260,8.227,269,"Stiff_Stalk"
2013,"watered",230,7.229,193,"Other"
2013,"watered",230,9.991,263,"Stiff_Stalk"
2013,"watered",240,9.066,233,"Other"
2013,"watered",250,10.229,254,"Stiff_Stalk"
2013,"watered",250,7.808,262,"Iodent"
2013,"watered",260,5.833,257,"Other"
2013,"watered",230,8.596,236,"Other"
2013,"watered",250,8.79,262,"Lancaster"
2013,"watered",240,8.547,280,"Iodent"
2013,"watered",250,7.468,269,"Iodent"
2013,"watered",240,7.033,239,"Lancaster"
2013,"watered",245,9.326,242,"Lancaster"
2013,"watered",285,8.988,254,"Iodent"
2013,"watered",225,6.826,246,"Iodent"
2013,"watered",215,9.628,259,"Lancaster"
2013,"watered",215,12.227,231,"Stiff_Stalk"
2013,"watered",215,8.043,215,"Other"
2013,"watered",220,9.105,262,"Lancaster"
2013,"watered",225,9.84,233,"Lancaster"
2013,"watered",205,8.944,233,"Lancaster"
2013,"watered",210,7.179,269,"Other"
2013,"watered",245,7.673,236,"Stiff_Stalk"
2013,"watered",240,8.838,224,"Other"
2013,"watered",245,8.807,268,"Iodent"
2013,"watered",295,9.408,248,"Other"
2013,"watered",250,8.629,252,"Stiff_Stalk"
2013,"watered",245,11.727,262,"Lancaster"
2013,"watered",280,10.078,251,"Other"
2013,"watered",245,7.278,249,"Lancaster"
2013,"watered",255,11.207,253,"Stiff_Stalk"
2013,"watered",275,8.748,256,"Other"
2013,"watered",240,7.732,264,"Stiff_Stalk"
2013,"watered",245,5.724,282,"Other"
2013,"watered",250,7.391,265,"Other"
2013,"watered",270,7.066,226,"Other"
2013,"watered",230,9.391,273,"Lancaster"
2013,"watered",255,11.303,259,"Stiff_Stalk"
2013,"watered",245,10.652,247,"Stiff_Stalk"
2013,"watered",265,4.886,225,"Other"
2013,"watered",230,8.059,260,"Iodent"
2013,"watered",240,6.287,265,"Other"
2013,"watered",245,10.81,222,"Lancaster"
2013,"watered",230,8.032,239,"Stiff_Stalk"
2013,"watered",240,9.931,241,"Lancaster"
2013,"watered",265,8.576,248,"Lancaster"
2013,"watered",260,7.762,263,"Other"
2013,"watered",245,10.106,235,"Iodent"
2013,"watered",240,10.805,255,"Stiff_Stalk"
2013,"watered",245,10.268,248,"Lancaster"
2013,"watered",240,5.687,194,"Other"
2013,"watered",235,8.775,235,"Stiff_Stalk"
2013,"watered",240,10.568,224,"Lancaster"
2013,"watered",235,8.235,244,"Lancaster"
2013,"watered",245,7.454,259,"Other"
2013,"watered",210,7.169,269,"Other"
2013,"watered",245,7.61,246,"Stiff_Stalk"
2013,"watered",245,7.31,253,"Other"
2013,"watered",240,8.365,241,"Stiff_Stalk"
2013,"watered",265,6.821,233,"Lancaster"
2013,"watered",245,11.692,256,"Iodent"
2013,"watered",240,8.538,251,"Stiff_Stalk"
2013,"watered",230,6.357,277,"Other"
2013,"watered",260,10.632,277,"Stiff_Stalk"
2013,"watered",240,9.906,268,"Stiff_Stalk"
2013,"watered",240,8.412,216,"Other"
2013,"watered",260,9.764,264,"Lancaster"
2013,"watered",250,5.017,278,"Other"
2013,"watered",255,10.614,237,"Lancaster"
2013,"watered",240,5.438,256,"Stiff_Stalk"
2013,"watered",265,8.068,261,"Other"
2013,"watered",255,8.609,248,"Other"
2013,"watered",240,8.379,241,"Other"
2013,"watered",230,9.031,237,"Other"
2013,"watered",235,9.641,273,"Stiff_Stalk"
2013,"watered",250,9.393,277,"Other"
2013,"watered",250,7.351,233,"Other"
2013,"watered",230,7.555,251,"Other"
2013,"watered",250,9.548,217,"Other"
2013,"watered",255,8.802,246,"Lancaster"
2013,"watered",235,8.528,253,"Iodent"
2013,"watered",270,6.012,189,"Other"
2013,"watered",275,10.626,263,"Other"
2013,"watered",240,7.629,249,"Stiff_Stalk"
2013,"watered",230,7.832,221,"Other"
2013,"watered",275,6.136,260,"Other"
2013,"watered",255,9.655,273,"Iodent"
2013,"watered",235,7.336,247,"Stiff_Stalk"
2013,"watered",230,8.915,260,"Stiff_Stalk"
2013,"watered",235,6.432,223,"Other"
2013,"watered",260,9.962,259,"Lancaster"
2013,"watered",260,10.278,263,"Other"
2013,"watered",255,6.149,303,"Iodent"
2013,"watered",245,8.087,254,"Lancaster"
2013,"watered",259,7.317,227,"Stiff_Stalk"
2013,"watered",260,7.698,230,"Other"
2013,"watered",250,11.022,266,"Stiff_Stalk"
2013,"watered",230,9.785,274,"Iodent"
2013,"watered",230,8.855,288,"Lancaster"
2013,"watered",225,7.179,276,"Lancaster"
2013,"watered",235,8.507,228,"Other"
2013,"watered",240,9.697,230,"Other"
2013,"watered",240,9.028,255,"Iodent"
2013,"watered",235,8.163,245,"Other"
2013,"watered",230,8.995,237,"Stiff_Stalk"
2013,"watered",240,7.937,269,"Iodent"
2013,"watered",225,8.094,232,"Other"
2013,"watered",230,8.609,243,"Lancaster"
2013,"watered",210,7.605,286,"Stiff_Stalk"
2013,"watered",215,7.354,271,"Iodent"
2013,"watered",230,6.812,271,"Iodent"
2013,"watered",235,9.627,254,"Iodent"
2013,"watered",240,7.226,253,"Lancaster"
2013,"watered",245,7.791,224,"Other"
2013,"watered",230,7.01,249,"Other"
2013,"watered",240,5.468,224,"Other"
2013,"watered",235,11.049,265,"Iodent"
2013,"watered",235,6.745,239,"Lancaster"
2013,"watered",255,10.64,256,"Stiff_Stalk"
2013,"watered",255,7.684,301,"Iodent"
2013,"watered",265,10.335,236,"Stiff_Stalk"
2013,"watered",260,5.612,250,"Other"
2013,"watered",255,9.84,267,"Lancaster"
2013,"watered",250,5.926,283,"Other"
2013,"watered",225,7.794,266,"Other"
2013,"watered",235,9.208,252,"Other"
2013,"watered",230,9.185,262,"Other"
2013,"watered",265,7.146,252,"Other"
2013,"watered",230,9.481,263,"Lancaster"
2013,"watered",245,8.831,247,"Lancaster"
2013,"watered",220,8.036,272,"Lancaster"
2013,"watered",240,10.007,270,"Stiff_Stalk"
2013,"watered",225,7.525,292,"Stiff_Stalk"
2013,"watered",255,8.531,236,"Other"
2013,"watered",255,8.78,301,"Iodent"
2013,"watered",220,9.039,253,"Stiff_Stalk"
2013,"watered",225,5.991,242,"Other"
2013,"watered",200,7.39,238,"Stiff_Stalk"
2013,"watered",275,5.487,217,"Other"
2013,"watered",255,8.506,296,"Iodent"
2013,"watered",265,9.414,229,"Stiff_Stalk"
2013,"watered",265,7.812,232,"Other"
2013,"watered",270,8.291,238,"Other"
2013,"watered",255,6.65,261,"Other"
2013,"watered",265,9.064,274,"Other"
2013,"watered",255,10.764,266,"Stiff_Stalk"
2013,"watered",270,8.484,283,"Lancaster"
2013,"watered",265,7.755,307,"Iodent"
2013,"watered",290,10.916,235,"Other"
2013,"watered",275,8.488,277,"Iodent"
2013,"watered",240,7.2,258,"Other"
2013,"watered",230,7.457,236,"Stiff_Stalk"
2013,"watered",230,5.793,225,"Other"
2013,"watered",255,11.02,268,"Iodent"
2013,"watered",235,5.855,235,"Other"
2013,"watered",240,9.272,246,"Stiff_Stalk"
2013,"watered",275,7.433,236,"Stiff_Stalk"
2013,"watered",265,7.694,225,"Other"
2013,"watered",270,10.317,247,"Stiff_Stalk"
2013,"watered",245,5.956,251,"Iodent"
2013,"watered",225,6.489,282,"Other"
2013,"watered",230,7.913,278,"Other"
2013,"watered",280,7.527,256,"Lancaster"
2013,"watered",265,11.768,266,"Iodent"
2013,"watered",260,4.73,267,"Other"
2013,"watered",265,5.914,283,"Other"
2013,"watered",270,9.686,263,"Lancaster"
2013,"watered",260,8.082,255,"Other"
2013,"watered",275,6.945,297,"Iodent"
2013,"watered",265,10.969,254,"Iodent"
2013,"watered",300,11.263,254,"Stiff_Stalk"
2013,"watered",245,7.082,285,"Stiff_Stalk"
2013,"watered",270,9.466,263,"Iodent"
2013,"watered",250,9.853,272,"Other"
2013,"watered",255,10.341,271,"Stiff_Stalk"
2013,"watered",245,8.511,258,"Other"
2013,"watered",255,11.631,251,"Stiff_Stalk"
2013,"watered",260,6.123,251,"Other"
2013,"watered",245,3.507,248,"Other"
2013,"watered",240,10.054,241,"Stiff_Stalk"
2013,"watered",250,7.007,263,"Iodent"
2013,"watered",260,7.219,265,"Iodent"
2013,"watered",255,7.753,239,"Lancaster"
2013,"watered",230,5.526,264,"Stiff_Stalk"
2013,"watered",275,8.73,259,"Stiff_Stalk"
2013,"watered",255,10.497,261,"Stiff_Stalk"
2013,"watered",250,7.677,297,"Other"
2013,"watered",175,6.626,232,"Iodent"
2013,"watered",220,5.706,270,"Stiff_Stalk"
2013,"watered",245,9.607,246,"Stiff_Stalk"
2013,"watered",270,4.527,255,"Other"
2013,"watered",240,8.842,226,"Stiff_Stalk"
2013,"watered",255,9.124,273,"Lancaster"
2013,"watered",245,9.032,249,"Iodent"
2013,"watered",245,6.875,235,"Other"
2013,"watered",240,6.905,288,"Other"
2013,"watered",250,5.476,243,"Other"
2013,"watered",250,8.483,275,"Iodent"
2013,"watered",265,9.47,281,"Other"
2013,"watered",265,7.363,234,"Other"
2013,"watered",260,9.16,237,"Other"
2013,"watered",260,6.791,283,"Other"
2013,"watered",260,10.588,220,"Other"
2013,"watered",285,7.78,227,"Other"
2013,"watered",265,8.025,288,"Iodent"
2013,"watered",245,8.101,252,"Stiff_Stalk"
2013,"watered",250,8.677,253,"Iodent"
2013,"watered",255,6.59,277,"Other"
2013,"watered",245,8.655,237,"Other"
2013,"watered",245,9.012,262,"Stiff_Stalk"
2013,"watered",250,5.928,268,"Other"
2013,"watered",285,6.316,223,"Other"
2013,"watered",205,7.313,239,"Lancaster"
2013,"watered",210,5.9,200,"Other"
2013,"watered",195,8.044,222,"Stiff_Stalk"
2013,"watered",190,5.453,252,"Other"
2013,"watered",210,6.537,291,"Iodent"
2013,"watered",210,6.935,267,"Iodent"
2013,"watered",200,9.804,225,"Other"
2013,"watered",210,6.89,258,"Other"
2013,"watered",230,9.227,294,"Lancaster"
2013,"watered",225,9.938,274,"Lancaster"
